data/rPPG_dataset/mat_dataset/subject1/p1_0.mat,451473359
data/rPPG_dataset/mat_dataset/subject1/p1_1.mat,592807886
data/rPPG_dataset/mat_dataset/subject1/p1_10.mat,519917224
data/rPPG_dataset/mat_dataset/subject1/p1_11.mat,760191024
data/rPPG_dataset/mat_dataset/subject1/p1_12.mat,543892897
data/rPPG_dataset/mat_dataset/subject1/p1_13.mat,529498360
data/rPPG_dataset/mat_dataset/subject1/p1_14.mat,518553365
data/rPPG_dataset/mat_dataset/subject1/p1_15.mat,506697984
data/rPPG_dataset/mat_dataset/subject1/p1_16.mat,409389191
data/rPPG_dataset/mat_dataset/subject1/p1_17.mat,553297323
data/rPPG_dataset/mat_dataset/subject1/p1_18.mat,429582280
data/rPPG_dataset/mat_dataset/subject1/p1_19.mat,788049256
data/rPPG_dataset/mat_dataset/subject1/p1_2.mat,461187588
data/rPPG_dataset/mat_dataset/subject1/p1_3.mat,759200265
data/rPPG_dataset/mat_dataset/subject1/p1_4.mat,499347074
data/rPPG_dataset/mat_dataset/subject1/p1_5.mat,580413880
data/rPPG_dataset/mat_dataset/subject1/p1_6.mat,506144573
data/rPPG_dataset/mat_dataset/subject1/p1_7.mat,762003446
data/rPPG_dataset/mat_dataset/subject1/p1_8.mat,484064403
data/rPPG_dataset/mat_dataset/subject1/p1_9.mat,630684278
data/rPPG_dataset/mat_dataset/subject10/p10_0.mat,455806014
data/rPPG_dataset/mat_dataset/subject10/p10_1.mat,614409160
data/rPPG_dataset/mat_dataset/subject10/p10_10.mat,644379061
data/rPPG_dataset/mat_dataset/subject10/p10_11.mat,749947671
data/rPPG_dataset/mat_dataset/subject10/p10_12.mat,584398391
data/rPPG_dataset/mat_dataset/subject10/p10_13.mat,562602765
data/rPPG_dataset/mat_dataset/subject10/p10_14.mat,555580353
data/rPPG_dataset/mat_dataset/subject10/p10_15.mat,595098954
data/rPPG_dataset/mat_dataset/subject10/p10_16.mat,511864736
data/rPPG_dataset/mat_dataset/subject10/p10_17.mat,592899465
data/rPPG_dataset/mat_dataset/subject10/p10_18.mat,561718044
data/rPPG_dataset/mat_dataset/subject10/p10_19.mat,711097056
data/rPPG_dataset/mat_dataset/subject10/p10_2.mat,564384015
data/rPPG_dataset/mat_dataset/subject10/p10_3.mat,741312736
data/rPPG_dataset/mat_dataset/subject10/p10_4.mat,505574070
data/rPPG_dataset/mat_dataset/subject10/p10_5.mat,648704542
data/rPPG_dataset/mat_dataset/subject10/p10_6.mat,595831637
data/rPPG_dataset/mat_dataset/subject10/p10_7.mat,732644008
data/rPPG_dataset/mat_dataset/subject10/p10_8.mat,555791495
data/rPPG_dataset/mat_dataset/subject10/p10_9.mat,622094130
data/rPPG_dataset/mat_dataset/subject11/p11_0.mat,481276257
data/rPPG_dataset/mat_dataset/subject11/p11_1.mat,633836645
data/rPPG_dataset/mat_dataset/subject11/p11_10.mat,561052686
data/rPPG_dataset/mat_dataset/subject11/p11_11.mat,736552476
data/rPPG_dataset/mat_dataset/subject11/p11_12.mat,560646058
data/rPPG_dataset/mat_dataset/subject11/p11_13.mat,574148841
data/rPPG_dataset/mat_dataset/subject11/p11_14.mat,519559121
data/rPPG_dataset/mat_dataset/subject11/p11_15.mat,567444931
data/rPPG_dataset/mat_dataset/subject11/p11_16.mat,540607733
data/rPPG_dataset/mat_dataset/subject11/p11_17.mat,633617527
data/rPPG_dataset/mat_dataset/subject11/p11_18.mat,543772869
data/rPPG_dataset/mat_dataset/subject11/p11_19.mat,724827958
data/rPPG_dataset/mat_dataset/subject11/p11_2.mat,509104858
data/rPPG_dataset/mat_dataset/subject11/p11_3.mat,705858538
data/rPPG_dataset/mat_dataset/subject11/p11_4.mat,542460089
data/rPPG_dataset/mat_dataset/subject11/p11_5.mat,659539419
data/rPPG_dataset/mat_dataset/subject11/p11_6.mat,561306375
data/rPPG_dataset/mat_dataset/subject11/p11_7.mat,728436885
data/rPPG_dataset/mat_dataset/subject11/p11_8.mat,537904439
data/rPPG_dataset/mat_dataset/subject11/p11_9.mat,667151891
data/rPPG_dataset/mat_dataset/subject12/p12_0.mat,1658895256
data/rPPG_dataset/mat_dataset/subject12/p12_1.mat,1658895248
data/rPPG_dataset/mat_dataset/subject12/p12_10.mat,1658895256
data/rPPG_dataset/mat_dataset/subject12/p12_11.mat,1658895256
data/rPPG_dataset/mat_dataset/subject12/p12_12.mat,1658895272
data/rPPG_dataset/mat_dataset/subject12/p12_13.mat,1658895264
data/rPPG_dataset/mat_dataset/subject12/p12_14.mat,1658895264
data/rPPG_dataset/mat_dataset/subject12/p12_15.mat,1658895264
data/rPPG_dataset/mat_dataset/subject12/p12_16.mat,1658895256
data/rPPG_dataset/mat_dataset/subject12/p12_17.mat,1658895248
data/rPPG_dataset/mat_dataset/subject12/p12_18.mat,1658895248
data/rPPG_dataset/mat_dataset/subject12/p12_19.mat,1658895248
data/rPPG_dataset/mat_dataset/subject12/p12_2.mat,1658895248
data/rPPG_dataset/mat_dataset/subject12/p12_3.mat,1658895248
data/rPPG_dataset/mat_dataset/subject12/p12_4.mat,1658895256
data/rPPG_dataset/mat_dataset/subject12/p12_5.mat,1658895248
data/rPPG_dataset/mat_dataset/subject12/p12_6.mat,1658895248
data/rPPG_dataset/mat_dataset/subject12/p12_7.mat,1658895248
data/rPPG_dataset/mat_dataset/subject12/p12_8.mat,1658895264
data/rPPG_dataset/mat_dataset/subject12/p12_9.mat,1658895256
data/rPPG_dataset/mat_dataset/subject13/p13_0.mat,1658895256
data/rPPG_dataset/mat_dataset/subject13/p13_1.mat,1658895248
data/rPPG_dataset/mat_dataset/subject13/p13_10.mat,1658895256
data/rPPG_dataset/mat_dataset/subject13/p13_11.mat,1658895256
data/rPPG_dataset/mat_dataset/subject13/p13_12.mat,1658895272
data/rPPG_dataset/mat_dataset/subject13/p13_13.mat,1658895264
data/rPPG_dataset/mat_dataset/subject13/p13_14.mat,1658895264
data/rPPG_dataset/mat_dataset/subject13/p13_15.mat,1658895264
data/rPPG_dataset/mat_dataset/subject13/p13_16.mat,1658895256
data/rPPG_dataset/mat_dataset/subject13/p13_17.mat,1658895248
data/rPPG_dataset/mat_dataset/subject13/p13_18.mat,1658895248
data/rPPG_dataset/mat_dataset/subject13/p13_19.mat,1658895248
data/rPPG_dataset/mat_dataset/subject13/p13_2.mat,1658895248
data/rPPG_dataset/mat_dataset/subject13/p13_3.mat,1658895248
data/rPPG_dataset/mat_dataset/subject13/p13_4.mat,1658895256
data/rPPG_dataset/mat_dataset/subject13/p13_5.mat,1658895248
data/rPPG_dataset/mat_dataset/subject13/p13_6.mat,1658895248
data/rPPG_dataset/mat_dataset/subject13/p13_7.mat,1658895248
data/rPPG_dataset/mat_dataset/subject13/p13_8.mat,1658895264
data/rPPG_dataset/mat_dataset/subject13/p13_9.mat,1658895256
data/rPPG_dataset/mat_dataset/subject14/p14_0.mat,1658895256
data/rPPG_dataset/mat_dataset/subject14/p14_1.mat,1658895248
data/rPPG_dataset/mat_dataset/subject14/p14_10.mat,1658895256
data/rPPG_dataset/mat_dataset/subject14/p14_11.mat,1658895256
data/rPPG_dataset/mat_dataset/subject14/p14_12.mat,1658895272
data/rPPG_dataset/mat_dataset/subject14/p14_13.mat,1658895264
data/rPPG_dataset/mat_dataset/subject14/p14_14.mat,1658895264
data/rPPG_dataset/mat_dataset/subject14/p14_15.mat,1658895264
data/rPPG_dataset/mat_dataset/subject14/p14_16.mat,1658895256
data/rPPG_dataset/mat_dataset/subject14/p14_17.mat,1658895248
data/rPPG_dataset/mat_dataset/subject14/p14_18.mat,1658895248
data/rPPG_dataset/mat_dataset/subject14/p14_19.mat,1658895248
data/rPPG_dataset/mat_dataset/subject14/p14_2.mat,1658895248
data/rPPG_dataset/mat_dataset/subject14/p14_3.mat,1658895248
data/rPPG_dataset/mat_dataset/subject14/p14_4.mat,1658895256
data/rPPG_dataset/mat_dataset/subject14/p14_5.mat,1658895248
data/rPPG_dataset/mat_dataset/subject14/p14_6.mat,1658895248
data/rPPG_dataset/mat_dataset/subject14/p14_7.mat,1658895248
data/rPPG_dataset/mat_dataset/subject14/p14_8.mat,1658895264
data/rPPG_dataset/mat_dataset/subject14/p14_9.mat,1658895256
data/rPPG_dataset/mat_dataset/subject15/p15_0.mat,1658895264
data/rPPG_dataset/mat_dataset/subject15/p15_1.mat,1658895256
data/rPPG_dataset/mat_dataset/subject15/p15_10.mat,1658895264
data/rPPG_dataset/mat_dataset/subject15/p15_11.mat,1658895264
data/rPPG_dataset/mat_dataset/subject15/p15_12.mat,1658895280
data/rPPG_dataset/mat_dataset/subject15/p15_13.mat,1658895272
data/rPPG_dataset/mat_dataset/subject15/p15_14.mat,1658895272
data/rPPG_dataset/mat_dataset/subject15/p15_15.mat,1658895272
data/rPPG_dataset/mat_dataset/subject15/p15_16.mat,1658895264
data/rPPG_dataset/mat_dataset/subject15/p15_17.mat,1658895256
data/rPPG_dataset/mat_dataset/subject15/p15_18.mat,1658895256
data/rPPG_dataset/mat_dataset/subject15/p15_19.mat,1658895256
data/rPPG_dataset/mat_dataset/subject15/p15_2.mat,1658895256
data/rPPG_dataset/mat_dataset/subject15/p15_3.mat,1658895256
data/rPPG_dataset/mat_dataset/subject15/p15_4.mat,1658895264
data/rPPG_dataset/mat_dataset/subject15/p15_5.mat,1658895256
data/rPPG_dataset/mat_dataset/subject15/p15_6.mat,1658895256
data/rPPG_dataset/mat_dataset/subject15/p15_7.mat,1658895256
data/rPPG_dataset/mat_dataset/subject15/p15_8.mat,1658895272
data/rPPG_dataset/mat_dataset/subject15/p15_9.mat,1658895264
data/rPPG_dataset/mat_dataset/subject16/p16_0.mat,512893630
data/rPPG_dataset/mat_dataset/subject16/p16_1.mat,572825137
data/rPPG_dataset/mat_dataset/subject16/p16_10.mat,481661809
data/rPPG_dataset/mat_dataset/subject16/p16_11.mat,676024151
data/rPPG_dataset/mat_dataset/subject16/p16_12.mat,508243160
data/rPPG_dataset/mat_dataset/subject16/p16_13.mat,516840678
data/rPPG_dataset/mat_dataset/subject16/p16_14.mat,532743344
data/rPPG_dataset/mat_dataset/subject16/p16_15.mat,520039673
data/rPPG_dataset/mat_dataset/subject16/p16_16.mat,482718237
data/rPPG_dataset/mat_dataset/subject16/p16_17.mat,545270523
data/rPPG_dataset/mat_dataset/subject16/p16_18.mat,483552808
data/rPPG_dataset/mat_dataset/subject16/p16_19.mat,632651209
data/rPPG_dataset/mat_dataset/subject16/p16_2.mat,520251156
data/rPPG_dataset/mat_dataset/subject16/p16_3.mat,658879651
data/rPPG_dataset/mat_dataset/subject16/p16_4.mat,500002858
data/rPPG_dataset/mat_dataset/subject16/p16_5.mat,549900734
data/rPPG_dataset/mat_dataset/subject16/p16_6.mat,489708297
data/rPPG_dataset/mat_dataset/subject16/p16_7.mat,694560814
data/rPPG_dataset/mat_dataset/subject16/p16_8.mat,494904186
data/rPPG_dataset/mat_dataset/subject16/p16_9.mat,538485011
data/rPPG_dataset/mat_dataset/subject17/p17_0.mat,507358371
data/rPPG_dataset/mat_dataset/subject17/p17_1.mat,609869965
data/rPPG_dataset/mat_dataset/subject17/p17_10.mat,524953965
data/rPPG_dataset/mat_dataset/subject17/p17_11.mat,804878209
data/rPPG_dataset/mat_dataset/subject17/p17_12.mat,511069302
data/rPPG_dataset/mat_dataset/subject17/p17_13.mat,569849044
data/rPPG_dataset/mat_dataset/subject17/p17_14.mat,548714862
data/rPPG_dataset/mat_dataset/subject17/p17_15.mat,535877440
data/rPPG_dataset/mat_dataset/subject17/p17_16.mat,544988012
data/rPPG_dataset/mat_dataset/subject17/p17_17.mat,589928669
data/rPPG_dataset/mat_dataset/subject17/p17_18.mat,530581763
data/rPPG_dataset/mat_dataset/subject17/p17_19.mat,743316428
data/rPPG_dataset/mat_dataset/subject17/p17_2.mat,587403921
data/rPPG_dataset/mat_dataset/subject17/p17_3.mat,803283115
data/rPPG_dataset/mat_dataset/subject17/p17_4.mat,506023131
data/rPPG_dataset/mat_dataset/subject17/p17_5.mat,581019589
data/rPPG_dataset/mat_dataset/subject17/p17_6.mat,539196005
data/rPPG_dataset/mat_dataset/subject17/p17_7.mat,797139785
data/rPPG_dataset/mat_dataset/subject17/p17_8.mat,530174043
data/rPPG_dataset/mat_dataset/subject17/p17_9.mat,594689819
data/rPPG_dataset/mat_dataset/subject18/p18_0.mat,472684033
data/rPPG_dataset/mat_dataset/subject18/p18_1.mat,560676307
data/rPPG_dataset/mat_dataset/subject18/p18_10.mat,499122700
data/rPPG_dataset/mat_dataset/subject18/p18_11.mat,791190303
data/rPPG_dataset/mat_dataset/subject18/p18_12.mat,538173490
data/rPPG_dataset/mat_dataset/subject18/p18_13.mat,537647964
data/rPPG_dataset/mat_dataset/subject18/p18_14.mat,553302242
data/rPPG_dataset/mat_dataset/subject18/p18_15.mat,547995548
data/rPPG_dataset/mat_dataset/subject18/p18_16.mat,530417195
data/rPPG_dataset/mat_dataset/subject18/p18_17.mat,625624955
data/rPPG_dataset/mat_dataset/subject18/p18_18.mat,511311636
data/rPPG_dataset/mat_dataset/subject18/p18_19.mat,759238050
data/rPPG_dataset/mat_dataset/subject18/p18_2.mat,485719551
data/rPPG_dataset/mat_dataset/subject18/p18_3.mat,759542095
data/rPPG_dataset/mat_dataset/subject18/p18_4.mat,542858065
data/rPPG_dataset/mat_dataset/subject18/p18_5.mat,617315418
data/rPPG_dataset/mat_dataset/subject18/p18_6.mat,525401627
data/rPPG_dataset/mat_dataset/subject18/p18_7.mat,771061636
data/rPPG_dataset/mat_dataset/subject18/p18_8.mat,530596595
data/rPPG_dataset/mat_dataset/subject18/p18_9.mat,645379098
data/rPPG_dataset/mat_dataset/subject19/p19_0.mat,498682544
data/rPPG_dataset/mat_dataset/subject19/p19_1.mat,589806417
data/rPPG_dataset/mat_dataset/subject19/p19_10.mat,484148097
data/rPPG_dataset/mat_dataset/subject19/p19_11.mat,769920417
data/rPPG_dataset/mat_dataset/subject19/p19_12.mat,474468951
data/rPPG_dataset/mat_dataset/subject19/p19_13.mat,500182999
data/rPPG_dataset/mat_dataset/subject19/p19_14.mat,518587142
data/rPPG_dataset/mat_dataset/subject19/p19_15.mat,491607813
data/rPPG_dataset/mat_dataset/subject19/p19_16.mat,469920073
data/rPPG_dataset/mat_dataset/subject19/p19_17.mat,550284804
data/rPPG_dataset/mat_dataset/subject19/p19_18.mat,470669545
data/rPPG_dataset/mat_dataset/subject19/p19_19.mat,730900530
data/rPPG_dataset/mat_dataset/subject19/p19_2.mat,500678085
data/rPPG_dataset/mat_dataset/subject19/p19_3.mat,766080932
data/rPPG_dataset/mat_dataset/subject19/p19_4.mat,474100645
data/rPPG_dataset/mat_dataset/subject19/p19_5.mat,551217289
data/rPPG_dataset/mat_dataset/subject19/p19_6.mat,487019533
data/rPPG_dataset/mat_dataset/subject19/p19_7.mat,778418339
data/rPPG_dataset/mat_dataset/subject19/p19_8.mat,515416300
data/rPPG_dataset/mat_dataset/subject19/p19_9.mat,549376304
data/rPPG_dataset/mat_dataset/subject2/p2_0.mat,427978274
data/rPPG_dataset/mat_dataset/subject2/p2_1.mat,525789281
data/rPPG_dataset/mat_dataset/subject2/p2_10.mat,485798645
data/rPPG_dataset/mat_dataset/subject2/p2_11.mat,715735328
data/rPPG_dataset/mat_dataset/subject2/p2_12.mat,492726302
data/rPPG_dataset/mat_dataset/subject2/p2_13.mat,447909434
data/rPPG_dataset/mat_dataset/subject2/p2_14.mat,497840859
data/rPPG_dataset/mat_dataset/subject2/p2_15.mat,505233023
data/rPPG_dataset/mat_dataset/subject2/p2_16.mat,469095785
data/rPPG_dataset/mat_dataset/subject2/p2_17.mat,551977086
data/rPPG_dataset/mat_dataset/subject2/p2_18.mat,484684298
data/rPPG_dataset/mat_dataset/subject2/p2_19.mat,667226266
data/rPPG_dataset/mat_dataset/subject2/p2_2.mat,454579848
data/rPPG_dataset/mat_dataset/subject2/p2_3.mat,663982745
data/rPPG_dataset/mat_dataset/subject2/p2_4.mat,453670904
data/rPPG_dataset/mat_dataset/subject2/p2_5.mat,503416823
data/rPPG_dataset/mat_dataset/subject2/p2_6.mat,469412852
data/rPPG_dataset/mat_dataset/subject2/p2_7.mat,730550248
data/rPPG_dataset/mat_dataset/subject2/p2_8.mat,457734967
data/rPPG_dataset/mat_dataset/subject2/p2_9.mat,533534597
data/rPPG_dataset/mat_dataset/subject20/p20_0.mat,440502769
data/rPPG_dataset/mat_dataset/subject20/p20_1.mat,610939374
data/rPPG_dataset/mat_dataset/subject20/p20_10.mat,571720927
data/rPPG_dataset/mat_dataset/subject20/p20_11.mat,716709423
data/rPPG_dataset/mat_dataset/subject20/p20_12.mat,542576706
data/rPPG_dataset/mat_dataset/subject20/p20_13.mat,536246406
data/rPPG_dataset/mat_dataset/subject20/p20_14.mat,529790648
data/rPPG_dataset/mat_dataset/subject20/p20_15.mat,543306489
data/rPPG_dataset/mat_dataset/subject20/p20_16.mat,486389895
data/rPPG_dataset/mat_dataset/subject20/p20_17.mat,616764802
data/rPPG_dataset/mat_dataset/subject20/p20_18.mat,585520166
data/rPPG_dataset/mat_dataset/subject20/p20_19.mat,728332569
data/rPPG_dataset/mat_dataset/subject20/p20_2.mat,617987417
data/rPPG_dataset/mat_dataset/subject20/p20_3.mat,687578226
data/rPPG_dataset/mat_dataset/subject20/p20_4.mat,493933294
data/rPPG_dataset/mat_dataset/subject20/p20_5.mat,615375324
data/rPPG_dataset/mat_dataset/subject20/p20_6.mat,589917592
data/rPPG_dataset/mat_dataset/subject20/p20_7.mat,754170058
data/rPPG_dataset/mat_dataset/subject20/p20_8.mat,531842769
data/rPPG_dataset/mat_dataset/subject20/p20_9.mat,579248243
data/rPPG_dataset/mat_dataset/subject21/p21_0.mat,498209590
data/rPPG_dataset/mat_dataset/subject21/p21_1.mat,563111481
data/rPPG_dataset/mat_dataset/subject21/p21_10.mat,506997521
data/rPPG_dataset/mat_dataset/subject21/p21_11.mat,760017433
data/rPPG_dataset/mat_dataset/subject21/p21_12.mat,625713047
data/rPPG_dataset/mat_dataset/subject21/p21_13.mat,586836517
data/rPPG_dataset/mat_dataset/subject21/p21_14.mat,567163786
data/rPPG_dataset/mat_dataset/subject21/p21_15.mat,558355773
data/rPPG_dataset/mat_dataset/subject21/p21_16.mat,554896038
data/rPPG_dataset/mat_dataset/subject21/p21_17.mat,615650371
data/rPPG_dataset/mat_dataset/subject21/p21_18.mat,485975420
data/rPPG_dataset/mat_dataset/subject21/p21_19.mat,749354266
data/rPPG_dataset/mat_dataset/subject21/p21_2.mat,504370115
data/rPPG_dataset/mat_dataset/subject21/p21_3.mat,722518302
data/rPPG_dataset/mat_dataset/subject21/p21_4.mat,593367309
data/rPPG_dataset/mat_dataset/subject21/p21_5.mat,650162481
data/rPPG_dataset/mat_dataset/subject21/p21_6.mat,589469381
data/rPPG_dataset/mat_dataset/subject21/p21_7.mat,750887780
data/rPPG_dataset/mat_dataset/subject21/p21_8.mat,514648533
data/rPPG_dataset/mat_dataset/subject21/p21_9.mat,583310229
data/rPPG_dataset/mat_dataset/subject22/p22_0.mat,513769196
data/rPPG_dataset/mat_dataset/subject22/p22_1.mat,539347538
data/rPPG_dataset/mat_dataset/subject22/p22_10.mat,510208954
data/rPPG_dataset/mat_dataset/subject22/p22_11.mat,701544592
data/rPPG_dataset/mat_dataset/subject22/p22_12.mat,537204166
data/rPPG_dataset/mat_dataset/subject22/p22_13.mat,533011761
data/rPPG_dataset/mat_dataset/subject22/p22_14.mat,550062210
data/rPPG_dataset/mat_dataset/subject22/p22_15.mat,527349080
data/rPPG_dataset/mat_dataset/subject22/p22_16.mat,502854094
data/rPPG_dataset/mat_dataset/subject22/p22_17.mat,528883664
data/rPPG_dataset/mat_dataset/subject22/p22_18.mat,490150896
data/rPPG_dataset/mat_dataset/subject22/p22_19.mat,714449269
data/rPPG_dataset/mat_dataset/subject22/p22_2.mat,517023994
data/rPPG_dataset/mat_dataset/subject22/p22_3.mat,647320727
data/rPPG_dataset/mat_dataset/subject22/p22_4.mat,487211608
data/rPPG_dataset/mat_dataset/subject22/p22_5.mat,507969553
data/rPPG_dataset/mat_dataset/subject22/p22_6.mat,503824788
data/rPPG_dataset/mat_dataset/subject22/p22_7.mat,669073315
data/rPPG_dataset/mat_dataset/subject22/p22_8.mat,530745473
data/rPPG_dataset/mat_dataset/subject22/p22_9.mat,608140939
data/rPPG_dataset/mat_dataset/subject23/p23_0.mat,516094083
data/rPPG_dataset/mat_dataset/subject23/p23_1.mat,626904269
data/rPPG_dataset/mat_dataset/subject23/p23_10.mat,514671662
data/rPPG_dataset/mat_dataset/subject23/p23_11.mat,688173249
data/rPPG_dataset/mat_dataset/subject23/p23_12.mat,525933170
data/rPPG_dataset/mat_dataset/subject23/p23_13.mat,530115181
data/rPPG_dataset/mat_dataset/subject23/p23_14.mat,535596529
data/rPPG_dataset/mat_dataset/subject23/p23_15.mat,499375893
data/rPPG_dataset/mat_dataset/subject23/p23_16.mat,517516417
data/rPPG_dataset/mat_dataset/subject23/p23_17.mat,589711470
data/rPPG_dataset/mat_dataset/subject23/p23_18.mat,520994239
data/rPPG_dataset/mat_dataset/subject23/p23_19.mat,632290083
data/rPPG_dataset/mat_dataset/subject23/p23_2.mat,528401568
data/rPPG_dataset/mat_dataset/subject23/p23_3.mat,674971430
data/rPPG_dataset/mat_dataset/subject23/p23_4.mat,484118047
data/rPPG_dataset/mat_dataset/subject23/p23_5.mat,593303741
data/rPPG_dataset/mat_dataset/subject23/p23_6.mat,521711009
data/rPPG_dataset/mat_dataset/subject23/p23_7.mat,729626618
data/rPPG_dataset/mat_dataset/subject23/p23_8.mat,507903914
data/rPPG_dataset/mat_dataset/subject23/p23_9.mat,586527421
data/rPPG_dataset/mat_dataset/subject24/p24_0.mat,525181369
data/rPPG_dataset/mat_dataset/subject24/p24_1.mat,550130138
data/rPPG_dataset/mat_dataset/subject24/p24_10.mat,568025112
data/rPPG_dataset/mat_dataset/subject24/p24_11.mat,781802896
data/rPPG_dataset/mat_dataset/subject24/p24_12.mat,532593626
data/rPPG_dataset/mat_dataset/subject24/p24_13.mat,527275798
data/rPPG_dataset/mat_dataset/subject24/p24_14.mat,533800255
data/rPPG_dataset/mat_dataset/subject24/p24_15.mat,571603203
data/rPPG_dataset/mat_dataset/subject24/p24_16.mat,554315427
data/rPPG_dataset/mat_dataset/subject24/p24_17.mat,614446557
data/rPPG_dataset/mat_dataset/subject24/p24_18.mat,496413835
data/rPPG_dataset/mat_dataset/subject24/p24_19.mat,772844036
data/rPPG_dataset/mat_dataset/subject24/p24_2.mat,496811058
data/rPPG_dataset/mat_dataset/subject24/p24_3.mat,751498658
data/rPPG_dataset/mat_dataset/subject24/p24_4.mat,553961922
data/rPPG_dataset/mat_dataset/subject24/p24_5.mat,602021796
data/rPPG_dataset/mat_dataset/subject24/p24_6.mat,528802062
data/rPPG_dataset/mat_dataset/subject24/p24_7.mat,784584296
data/rPPG_dataset/mat_dataset/subject24/p24_8.mat,541768475
data/rPPG_dataset/mat_dataset/subject24/p24_9.mat,603676321
data/rPPG_dataset/mat_dataset/subject25/p25_0.mat,466957256
data/rPPG_dataset/mat_dataset/subject25/p25_1.mat,513874683
data/rPPG_dataset/mat_dataset/subject25/p25_10.mat,509013268
data/rPPG_dataset/mat_dataset/subject25/p25_11.mat,710769966
data/rPPG_dataset/mat_dataset/subject25/p25_12.mat,499895761
data/rPPG_dataset/mat_dataset/subject25/p25_13.mat,497914374
data/rPPG_dataset/mat_dataset/subject25/p25_14.mat,503959163
data/rPPG_dataset/mat_dataset/subject25/p25_15.mat,468626444
data/rPPG_dataset/mat_dataset/subject25/p25_16.mat,447101682
data/rPPG_dataset/mat_dataset/subject25/p25_17.mat,518169598
data/rPPG_dataset/mat_dataset/subject25/p25_18.mat,489823014
data/rPPG_dataset/mat_dataset/subject25/p25_19.mat,686521944
data/rPPG_dataset/mat_dataset/subject25/p25_2.mat,494827616
data/rPPG_dataset/mat_dataset/subject25/p25_3.mat,708212254
data/rPPG_dataset/mat_dataset/subject25/p25_4.mat,506177803
data/rPPG_dataset/mat_dataset/subject25/p25_5.mat,521961638
data/rPPG_dataset/mat_dataset/subject25/p25_6.mat,514810691
data/rPPG_dataset/mat_dataset/subject25/p25_7.mat,698096200
data/rPPG_dataset/mat_dataset/subject25/p25_8.mat,509279398
data/rPPG_dataset/mat_dataset/subject25/p25_9.mat,554349499
data/rPPG_dataset/mat_dataset/subject26/p26_0.mat,492267907
data/rPPG_dataset/mat_dataset/subject26/p26_1.mat,617591795
data/rPPG_dataset/mat_dataset/subject26/p26_10.mat,504409425
data/rPPG_dataset/mat_dataset/subject26/p26_11.mat,753190304
data/rPPG_dataset/mat_dataset/subject26/p26_12.mat,495494042
data/rPPG_dataset/mat_dataset/subject26/p26_13.mat,543933927
data/rPPG_dataset/mat_dataset/subject26/p26_14.mat,536323034
data/rPPG_dataset/mat_dataset/subject26/p26_15.mat,534674616
data/rPPG_dataset/mat_dataset/subject26/p26_16.mat,468158089
data/rPPG_dataset/mat_dataset/subject26/p26_17.mat,617966509
data/rPPG_dataset/mat_dataset/subject26/p26_18.mat,467512333
data/rPPG_dataset/mat_dataset/subject26/p26_19.mat,726766587
data/rPPG_dataset/mat_dataset/subject26/p26_2.mat,519227599
data/rPPG_dataset/mat_dataset/subject26/p26_3.mat,772533794
data/rPPG_dataset/mat_dataset/subject26/p26_4.mat,496607156
data/rPPG_dataset/mat_dataset/subject26/p26_5.mat,655992782
data/rPPG_dataset/mat_dataset/subject26/p26_6.mat,513572400
data/rPPG_dataset/mat_dataset/subject26/p26_7.mat,721712799
data/rPPG_dataset/mat_dataset/subject26/p26_8.mat,481696852
data/rPPG_dataset/mat_dataset/subject26/p26_9.mat,630023375
data/rPPG_dataset/mat_dataset/subject27/p27_0.mat,507982340
data/rPPG_dataset/mat_dataset/subject27/p27_1.mat,606147260
data/rPPG_dataset/mat_dataset/subject27/p27_10.mat,548799154
data/rPPG_dataset/mat_dataset/subject27/p27_11.mat,741443621
data/rPPG_dataset/mat_dataset/subject27/p27_12.mat,552094255
data/rPPG_dataset/mat_dataset/subject27/p27_13.mat,577784133
data/rPPG_dataset/mat_dataset/subject27/p27_14.mat,565024537
data/rPPG_dataset/mat_dataset/subject27/p27_15.mat,532574178
data/rPPG_dataset/mat_dataset/subject27/p27_16.mat,488305275
data/rPPG_dataset/mat_dataset/subject27/p27_17.mat,592239349
data/rPPG_dataset/mat_dataset/subject27/p27_18.mat,522249375
data/rPPG_dataset/mat_dataset/subject27/p27_19.mat,746880268
data/rPPG_dataset/mat_dataset/subject27/p27_2.mat,526510582
data/rPPG_dataset/mat_dataset/subject27/p27_3.mat,720508894
data/rPPG_dataset/mat_dataset/subject27/p27_4.mat,573062404
data/rPPG_dataset/mat_dataset/subject27/p27_5.mat,633013647
data/rPPG_dataset/mat_dataset/subject27/p27_6.mat,541783917
data/rPPG_dataset/mat_dataset/subject27/p27_7.mat,750886862
data/rPPG_dataset/mat_dataset/subject27/p27_8.mat,566121124
data/rPPG_dataset/mat_dataset/subject27/p27_9.mat,646704644
data/rPPG_dataset/mat_dataset/subject28/p28_0.mat,493454539
data/rPPG_dataset/mat_dataset/subject28/p28_1.mat,587974547
data/rPPG_dataset/mat_dataset/subject28/p28_10.mat,465435135
data/rPPG_dataset/mat_dataset/subject28/p28_11.mat,705301456
data/rPPG_dataset/mat_dataset/subject28/p28_12.mat,472978347
data/rPPG_dataset/mat_dataset/subject28/p28_13.mat,502659810
data/rPPG_dataset/mat_dataset/subject28/p28_14.mat,517395344
data/rPPG_dataset/mat_dataset/subject28/p28_15.mat,466218898
data/rPPG_dataset/mat_dataset/subject28/p28_16.mat,412756579
data/rPPG_dataset/mat_dataset/subject28/p28_17.mat,532610532
data/rPPG_dataset/mat_dataset/subject28/p28_18.mat,464893287
data/rPPG_dataset/mat_dataset/subject28/p28_19.mat,673601562
data/rPPG_dataset/mat_dataset/subject28/p28_2.mat,544598296
data/rPPG_dataset/mat_dataset/subject28/p28_3.mat,701493814
data/rPPG_dataset/mat_dataset/subject28/p28_4.mat,430040953
data/rPPG_dataset/mat_dataset/subject28/p28_5.mat,581759003
data/rPPG_dataset/mat_dataset/subject28/p28_6.mat,536612058
data/rPPG_dataset/mat_dataset/subject28/p28_7.mat,679375811
data/rPPG_dataset/mat_dataset/subject28/p28_8.mat,422025642
data/rPPG_dataset/mat_dataset/subject28/p28_9.mat,555462409
data/rPPG_dataset/mat_dataset/subject29/p29_0.mat,484547602
data/rPPG_dataset/mat_dataset/subject29/p29_1.mat,535325159
data/rPPG_dataset/mat_dataset/subject29/p29_10.mat,498734898
data/rPPG_dataset/mat_dataset/subject29/p29_11.mat,734800578
data/rPPG_dataset/mat_dataset/subject29/p29_12.mat,516137780
data/rPPG_dataset/mat_dataset/subject29/p29_13.mat,521139985
data/rPPG_dataset/mat_dataset/subject29/p29_14.mat,538259750
data/rPPG_dataset/mat_dataset/subject29/p29_15.mat,506335005
data/rPPG_dataset/mat_dataset/subject29/p29_16.mat,488286338
data/rPPG_dataset/mat_dataset/subject29/p29_17.mat,552148240
data/rPPG_dataset/mat_dataset/subject29/p29_18.mat,504621215
data/rPPG_dataset/mat_dataset/subject29/p29_19.mat,719842013
data/rPPG_dataset/mat_dataset/subject29/p29_2.mat,486487874
data/rPPG_dataset/mat_dataset/subject29/p29_3.mat,680383695
data/rPPG_dataset/mat_dataset/subject29/p29_4.mat,484213191
data/rPPG_dataset/mat_dataset/subject29/p29_5.mat,524646795
data/rPPG_dataset/mat_dataset/subject29/p29_6.mat,477689672
data/rPPG_dataset/mat_dataset/subject29/p29_7.mat,713654472
data/rPPG_dataset/mat_dataset/subject29/p29_8.mat,499231270
data/rPPG_dataset/mat_dataset/subject29/p29_9.mat,537582634
data/rPPG_dataset/mat_dataset/subject3/p3_0.mat,497014398
data/rPPG_dataset/mat_dataset/subject3/p3_1.mat,564753479
data/rPPG_dataset/mat_dataset/subject3/p3_10.mat,525819563
data/rPPG_dataset/mat_dataset/subject3/p3_11.mat,784546146
data/rPPG_dataset/mat_dataset/subject3/p3_12.mat,484457444
data/rPPG_dataset/mat_dataset/subject3/p3_13.mat,513952108
data/rPPG_dataset/mat_dataset/subject3/p3_14.mat,432381860
data/rPPG_dataset/mat_dataset/subject3/p3_15.mat,434281393
data/rPPG_dataset/mat_dataset/subject3/p3_16.mat,495662749
data/rPPG_dataset/mat_dataset/subject3/p3_17.mat,593565764
data/rPPG_dataset/mat_dataset/subject3/p3_18.mat,530656329
data/rPPG_dataset/mat_dataset/subject3/p3_19.mat,764399802
data/rPPG_dataset/mat_dataset/subject3/p3_2.mat,479101557
data/rPPG_dataset/mat_dataset/subject3/p3_3.mat,771927625
data/rPPG_dataset/mat_dataset/subject3/p3_4.mat,497679512
data/rPPG_dataset/mat_dataset/subject3/p3_5.mat,534525305
data/rPPG_dataset/mat_dataset/subject3/p3_6.mat,504785275
data/rPPG_dataset/mat_dataset/subject3/p3_7.mat,786197415
data/rPPG_dataset/mat_dataset/subject3/p3_8.mat,458855071
data/rPPG_dataset/mat_dataset/subject3/p3_9.mat,546930540
data/rPPG_dataset/mat_dataset/subject30/p30_0.mat,453345502
data/rPPG_dataset/mat_dataset/subject30/p30_1.mat,576480579
data/rPPG_dataset/mat_dataset/subject30/p30_10.mat,448611716
data/rPPG_dataset/mat_dataset/subject30/p30_11.mat,705416661
data/rPPG_dataset/mat_dataset/subject30/p30_12.mat,479227365
data/rPPG_dataset/mat_dataset/subject30/p30_13.mat,478852033
data/rPPG_dataset/mat_dataset/subject30/p30_14.mat,479283293
data/rPPG_dataset/mat_dataset/subject30/p30_15.mat,461358007
data/rPPG_dataset/mat_dataset/subject30/p30_16.mat,440841737
data/rPPG_dataset/mat_dataset/subject30/p30_17.mat,553528175
data/rPPG_dataset/mat_dataset/subject30/p30_18.mat,447343115
data/rPPG_dataset/mat_dataset/subject30/p30_19.mat,677163338
data/rPPG_dataset/mat_dataset/subject30/p30_2.mat,456020829
data/rPPG_dataset/mat_dataset/subject30/p30_3.mat,655496464
data/rPPG_dataset/mat_dataset/subject30/p30_4.mat,459704494
data/rPPG_dataset/mat_dataset/subject30/p30_5.mat,596423228
data/rPPG_dataset/mat_dataset/subject30/p30_6.mat,464588214
data/rPPG_dataset/mat_dataset/subject30/p30_7.mat,688950733
data/rPPG_dataset/mat_dataset/subject30/p30_8.mat,445318923
data/rPPG_dataset/mat_dataset/subject30/p30_9.mat,570015616
data/rPPG_dataset/mat_dataset/subject31/p31_0.mat,459709219
data/rPPG_dataset/mat_dataset/subject31/p31_1.mat,550684947
data/rPPG_dataset/mat_dataset/subject31/p31_10.mat,465405749
data/rPPG_dataset/mat_dataset/subject31/p31_11.mat,660717363
data/rPPG_dataset/mat_dataset/subject31/p31_12.mat,470400946
data/rPPG_dataset/mat_dataset/subject31/p31_13.mat,479789143
data/rPPG_dataset/mat_dataset/subject31/p31_14.mat,466169817
data/rPPG_dataset/mat_dataset/subject31/p31_15.mat,462832517
data/rPPG_dataset/mat_dataset/subject31/p31_16.mat,416883042
data/rPPG_dataset/mat_dataset/subject31/p31_17.mat,516427742
data/rPPG_dataset/mat_dataset/subject31/p31_18.mat,432783635
data/rPPG_dataset/mat_dataset/subject31/p31_19.mat,658210778
data/rPPG_dataset/mat_dataset/subject31/p31_2.mat,429343325
data/rPPG_dataset/mat_dataset/subject31/p31_3.mat,623201766
data/rPPG_dataset/mat_dataset/subject31/p31_4.mat,442231710
data/rPPG_dataset/mat_dataset/subject31/p31_5.mat,576220133
data/rPPG_dataset/mat_dataset/subject31/p31_6.mat,471211572
data/rPPG_dataset/mat_dataset/subject31/p31_7.mat,668125674
data/rPPG_dataset/mat_dataset/subject31/p31_8.mat,419465038
data/rPPG_dataset/mat_dataset/subject31/p31_9.mat,554551955
data/rPPG_dataset/mat_dataset/subject32/p32_0.mat,507728962
data/rPPG_dataset/mat_dataset/subject32/p32_1.mat,615898427
data/rPPG_dataset/mat_dataset/subject32/p32_10.mat,554126793
data/rPPG_dataset/mat_dataset/subject32/p32_11.mat,776349039
data/rPPG_dataset/mat_dataset/subject32/p32_12.mat,543762363
data/rPPG_dataset/mat_dataset/subject32/p32_13.mat,532209543
data/rPPG_dataset/mat_dataset/subject32/p32_14.mat,549168198
data/rPPG_dataset/mat_dataset/subject32/p32_15.mat,511538478
data/rPPG_dataset/mat_dataset/subject32/p32_16.mat,498886181
data/rPPG_dataset/mat_dataset/subject32/p32_17.mat,572519638
data/rPPG_dataset/mat_dataset/subject32/p32_18.mat,507095238
data/rPPG_dataset/mat_dataset/subject32/p32_19.mat,736489542
data/rPPG_dataset/mat_dataset/subject32/p32_2.mat,521000028
data/rPPG_dataset/mat_dataset/subject32/p32_3.mat,738869889
data/rPPG_dataset/mat_dataset/subject32/p32_4.mat,499282780
data/rPPG_dataset/mat_dataset/subject32/p32_5.mat,609045755
data/rPPG_dataset/mat_dataset/subject32/p32_6.mat,534823126
data/rPPG_dataset/mat_dataset/subject32/p32_7.mat,760232479
data/rPPG_dataset/mat_dataset/subject32/p32_8.mat,518322671
data/rPPG_dataset/mat_dataset/subject32/p32_9.mat,597247743
data/rPPG_dataset/mat_dataset/subject33/p33_0.mat,485417492
data/rPPG_dataset/mat_dataset/subject33/p33_1.mat,521031490
data/rPPG_dataset/mat_dataset/subject33/p33_10.mat,502450746
data/rPPG_dataset/mat_dataset/subject33/p33_11.mat,682723786
data/rPPG_dataset/mat_dataset/subject33/p33_12.mat,507215916
data/rPPG_dataset/mat_dataset/subject33/p33_13.mat,533297294
data/rPPG_dataset/mat_dataset/subject33/p33_14.mat,478798588
data/rPPG_dataset/mat_dataset/subject33/p33_15.mat,483371275
data/rPPG_dataset/mat_dataset/subject33/p33_16.mat,468615833
data/rPPG_dataset/mat_dataset/subject33/p33_17.mat,505515547
data/rPPG_dataset/mat_dataset/subject33/p33_18.mat,466094413
data/rPPG_dataset/mat_dataset/subject33/p33_19.mat,656592143
data/rPPG_dataset/mat_dataset/subject33/p33_2.mat,474535407
data/rPPG_dataset/mat_dataset/subject33/p33_3.mat,625044607
data/rPPG_dataset/mat_dataset/subject33/p33_4.mat,471349659
data/rPPG_dataset/mat_dataset/subject33/p33_5.mat,512560414
data/rPPG_dataset/mat_dataset/subject33/p33_6.mat,471127988
data/rPPG_dataset/mat_dataset/subject33/p33_7.mat,678059093
data/rPPG_dataset/mat_dataset/subject33/p33_8.mat,478403674
data/rPPG_dataset/mat_dataset/subject33/p33_9.mat,519319662
data/rPPG_dataset/mat_dataset/subject4/p4_0.mat,526706490
data/rPPG_dataset/mat_dataset/subject4/p4_1.mat,596190840
data/rPPG_dataset/mat_dataset/subject4/p4_10.mat,547793577
data/rPPG_dataset/mat_dataset/subject4/p4_11.mat,739858347
data/rPPG_dataset/mat_dataset/subject4/p4_12.mat,546260048
data/rPPG_dataset/mat_dataset/subject4/p4_13.mat,547365398
data/rPPG_dataset/mat_dataset/subject4/p4_14.mat,536222841
data/rPPG_dataset/mat_dataset/subject4/p4_15.mat,552954758
data/rPPG_dataset/mat_dataset/subject4/p4_16.mat,548534634
data/rPPG_dataset/mat_dataset/subject4/p4_17.mat,603680597
data/rPPG_dataset/mat_dataset/subject4/p4_18.mat,574355327
data/rPPG_dataset/mat_dataset/subject4/p4_19.mat,698203149
data/rPPG_dataset/mat_dataset/subject4/p4_2.mat,524932488
data/rPPG_dataset/mat_dataset/subject4/p4_3.mat,688912027
data/rPPG_dataset/mat_dataset/subject4/p4_4.mat,537245752
data/rPPG_dataset/mat_dataset/subject4/p4_5.mat,603043504
data/rPPG_dataset/mat_dataset/subject4/p4_6.mat,550213853
data/rPPG_dataset/mat_dataset/subject4/p4_7.mat,755886983
data/rPPG_dataset/mat_dataset/subject4/p4_8.mat,552194784
data/rPPG_dataset/mat_dataset/subject4/p4_9.mat,603975431
data/rPPG_dataset/mat_dataset/subject5/p5_0.mat,482990425
data/rPPG_dataset/mat_dataset/subject5/p5_1.mat,603920022
data/rPPG_dataset/mat_dataset/subject5/p5_10.mat,552213025
data/rPPG_dataset/mat_dataset/subject5/p5_11.mat,771387216
data/rPPG_dataset/mat_dataset/subject5/p5_12.mat,495879672
data/rPPG_dataset/mat_dataset/subject5/p5_13.mat,476105280
data/rPPG_dataset/mat_dataset/subject5/p5_14.mat,480084203
data/rPPG_dataset/mat_dataset/subject5/p5_15.mat,477927417
data/rPPG_dataset/mat_dataset/subject5/p5_16.mat,415908612
data/rPPG_dataset/mat_dataset/subject5/p5_17.mat,539231712
data/rPPG_dataset/mat_dataset/subject5/p5_18.mat,470098741
data/rPPG_dataset/mat_dataset/subject5/p5_19.mat,731449198
data/rPPG_dataset/mat_dataset/subject5/p5_2.mat,525493468
data/rPPG_dataset/mat_dataset/subject5/p5_3.mat,727258798
data/rPPG_dataset/mat_dataset/subject5/p5_4.mat,493349964
data/rPPG_dataset/mat_dataset/subject5/p5_5.mat,596994352
data/rPPG_dataset/mat_dataset/subject5/p5_6.mat,513959407
data/rPPG_dataset/mat_dataset/subject5/p5_7.mat,746284479
data/rPPG_dataset/mat_dataset/subject5/p5_8.mat,509390577
data/rPPG_dataset/mat_dataset/subject5/p5_9.mat,599380231
data/rPPG_dataset/mat_dataset/subject6/p6_0.mat,496313928
data/rPPG_dataset/mat_dataset/subject6/p6_1.mat,560550026
data/rPPG_dataset/mat_dataset/subject6/p6_10.mat,540399170
data/rPPG_dataset/mat_dataset/subject6/p6_11.mat,735967552
data/rPPG_dataset/mat_dataset/subject6/p6_12.mat,524267983
data/rPPG_dataset/mat_dataset/subject6/p6_13.mat,517998533
data/rPPG_dataset/mat_dataset/subject6/p6_14.mat,503579571
data/rPPG_dataset/mat_dataset/subject6/p6_15.mat,504984126
data/rPPG_dataset/mat_dataset/subject6/p6_16.mat,506705722
data/rPPG_dataset/mat_dataset/subject6/p6_17.mat,561933992
data/rPPG_dataset/mat_dataset/subject6/p6_18.mat,524765893
data/rPPG_dataset/mat_dataset/subject6/p6_19.mat,707890090
data/rPPG_dataset/mat_dataset/subject6/p6_2.mat,484475419
data/rPPG_dataset/mat_dataset/subject6/p6_3.mat,721908754
data/rPPG_dataset/mat_dataset/subject6/p6_4.mat,500839332
data/rPPG_dataset/mat_dataset/subject6/p6_5.mat,523078402
data/rPPG_dataset/mat_dataset/subject6/p6_6.mat,525255958
data/rPPG_dataset/mat_dataset/subject6/p6_7.mat,736056388
data/rPPG_dataset/mat_dataset/subject6/p6_8.mat,537871760
data/rPPG_dataset/mat_dataset/subject6/p6_9.mat,563983065
data/rPPG_dataset/mat_dataset/subject7/p7_0.mat,419148807
data/rPPG_dataset/mat_dataset/subject7/p7_1.mat,528709388
data/rPPG_dataset/mat_dataset/subject7/p7_10.mat,489028775
data/rPPG_dataset/mat_dataset/subject7/p7_11.mat,780364623
data/rPPG_dataset/mat_dataset/subject7/p7_12.mat,493920049
data/rPPG_dataset/mat_dataset/subject7/p7_13.mat,505723648
data/rPPG_dataset/mat_dataset/subject7/p7_14.mat,475160332
data/rPPG_dataset/mat_dataset/subject7/p7_15.mat,510247908
data/rPPG_dataset/mat_dataset/subject7/p7_16.mat,476226330
data/rPPG_dataset/mat_dataset/subject7/p7_17.mat,589457485
data/rPPG_dataset/mat_dataset/subject7/p7_18.mat,518357864
data/rPPG_dataset/mat_dataset/subject7/p7_19.mat,765787001
data/rPPG_dataset/mat_dataset/subject7/p7_2.mat,441387159
data/rPPG_dataset/mat_dataset/subject7/p7_3.mat,738332670
data/rPPG_dataset/mat_dataset/subject7/p7_4.mat,469954285
data/rPPG_dataset/mat_dataset/subject7/p7_5.mat,572619483
data/rPPG_dataset/mat_dataset/subject7/p7_6.mat,468035522
data/rPPG_dataset/mat_dataset/subject7/p7_7.mat,781212878
data/rPPG_dataset/mat_dataset/subject7/p7_8.mat,478606793
data/rPPG_dataset/mat_dataset/subject7/p7_9.mat,567454804
data/rPPG_dataset/mat_dataset/subject8/p8_0.mat,466541114
data/rPPG_dataset/mat_dataset/subject8/p8_1.mat,534564241
data/rPPG_dataset/mat_dataset/subject8/p8_10.mat,482408123
data/rPPG_dataset/mat_dataset/subject8/p8_11.mat,736234462
data/rPPG_dataset/mat_dataset/subject8/p8_12.mat,511141142
data/rPPG_dataset/mat_dataset/subject8/p8_13.mat,510154054
data/rPPG_dataset/mat_dataset/subject8/p8_14.mat,506024678
data/rPPG_dataset/mat_dataset/subject8/p8_15.mat,512849358
data/rPPG_dataset/mat_dataset/subject8/p8_16.mat,469004982
data/rPPG_dataset/mat_dataset/subject8/p8_17.mat,513459986
data/rPPG_dataset/mat_dataset/subject8/p8_18.mat,479001488
data/rPPG_dataset/mat_dataset/subject8/p8_19.mat,658526110
data/rPPG_dataset/mat_dataset/subject8/p8_2.mat,471492149
data/rPPG_dataset/mat_dataset/subject8/p8_3.mat,700906242
data/rPPG_dataset/mat_dataset/subject8/p8_4.mat,497068696
data/rPPG_dataset/mat_dataset/subject8/p8_5.mat,555976251
data/rPPG_dataset/mat_dataset/subject8/p8_6.mat,494437056
data/rPPG_dataset/mat_dataset/subject8/p8_7.mat,707798445
data/rPPG_dataset/mat_dataset/subject8/p8_8.mat,505866195
data/rPPG_dataset/mat_dataset/subject8/p8_9.mat,546028107
data/rPPG_dataset/mat_dataset/subject9/p9_0.mat,487527387
data/rPPG_dataset/mat_dataset/subject9/p9_1.mat,595802565
data/rPPG_dataset/mat_dataset/subject9/p9_10.mat,493530812
data/rPPG_dataset/mat_dataset/subject9/p9_11.mat,769846715
data/rPPG_dataset/mat_dataset/subject9/p9_12.mat,450606489
data/rPPG_dataset/mat_dataset/subject9/p9_13.mat,462145106
data/rPPG_dataset/mat_dataset/subject9/p9_14.mat,516973411
data/rPPG_dataset/mat_dataset/subject9/p9_15.mat,518810212
data/rPPG_dataset/mat_dataset/subject9/p9_16.mat,474738334
data/rPPG_dataset/mat_dataset/subject9/p9_17.mat,566748494
data/rPPG_dataset/mat_dataset/subject9/p9_18.mat,523707126
data/rPPG_dataset/mat_dataset/subject9/p9_19.mat,717689741
data/rPPG_dataset/mat_dataset/subject9/p9_2.mat,498844819
data/rPPG_dataset/mat_dataset/subject9/p9_3.mat,710628080
data/rPPG_dataset/mat_dataset/subject9/p9_4.mat,455057115
data/rPPG_dataset/mat_dataset/subject9/p9_5.mat,494970488
data/rPPG_dataset/mat_dataset/subject9/p9_6.mat,424063729
data/rPPG_dataset/mat_dataset/subject9/p9_7.mat,754305356
data/rPPG_dataset/mat_dataset/subject9/p9_8.mat,491323971
data/rPPG_dataset/mat_dataset/subject9/p9_9.mat,525914129
