data/rPPG_dataset/mini_MMPD/subject1/p1_0.mat,67512272
data/rPPG_dataset/mini_MMPD/subject1/p1_1.mat,77245889
data/rPPG_dataset/mini_MMPD/subject1/p1_10.mat,71820508
data/rPPG_dataset/mini_MMPD/subject1/p1_11.mat,93184474
data/rPPG_dataset/mini_MMPD/subject1/p1_12.mat,74063058
data/rPPG_dataset/mini_MMPD/subject1/p1_13.mat,72112378
data/rPPG_dataset/mini_MMPD/subject1/p1_14.mat,72207629
data/rPPG_dataset/mini_MMPD/subject1/p1_15.mat,70446979
data/rPPG_dataset/mini_MMPD/subject1/p1_16.mat,61704861
data/rPPG_dataset/mini_MMPD/subject1/p1_17.mat,74112777
data/rPPG_dataset/mini_MMPD/subject1/p1_18.mat,64223613
data/rPPG_dataset/mini_MMPD/subject1/p1_19.mat,95925870
data/rPPG_dataset/mini_MMPD/subject1/p1_2.mat,68120709
data/rPPG_dataset/mini_MMPD/subject1/p1_3.mat,94403813
data/rPPG_dataset/mini_MMPD/subject1/p1_4.mat,70487606
data/rPPG_dataset/mini_MMPD/subject1/p1_5.mat,75646788
data/rPPG_dataset/mini_MMPD/subject1/p1_6.mat,70989024
data/rPPG_dataset/mini_MMPD/subject1/p1_7.mat,93408525
data/rPPG_dataset/mini_MMPD/subject1/p1_8.mat,69441585
data/rPPG_dataset/mini_MMPD/subject1/p1_9.mat,79267484
data/rPPG_dataset/mini_MMPD/subject10/p10_0.mat,70037965
data/rPPG_dataset/mini_MMPD/subject10/p10_1.mat,82618595
data/rPPG_dataset/mini_MMPD/subject10/p10_10.mat,82868586
data/rPPG_dataset/mini_MMPD/subject10/p10_11.mat,92324010
data/rPPG_dataset/mini_MMPD/subject10/p10_12.mat,78624345
data/rPPG_dataset/mini_MMPD/subject10/p10_13.mat,76041679
data/rPPG_dataset/mini_MMPD/subject10/p10_14.mat,77976377
data/rPPG_dataset/mini_MMPD/subject10/p10_15.mat,77610071
data/rPPG_dataset/mini_MMPD/subject10/p10_16.mat,72832643
data/rPPG_dataset/mini_MMPD/subject10/p10_17.mat,77787121
data/rPPG_dataset/mini_MMPD/subject10/p10_18.mat,74432244
data/rPPG_dataset/mini_MMPD/subject10/p10_19.mat,88543812
data/rPPG_dataset/mini_MMPD/subject10/p10_2.mat,78635041
data/rPPG_dataset/mini_MMPD/subject10/p10_3.mat,90346021
data/rPPG_dataset/mini_MMPD/subject10/p10_4.mat,72446810
data/rPPG_dataset/mini_MMPD/subject10/p10_5.mat,84532268
data/rPPG_dataset/mini_MMPD/subject10/p10_6.mat,78395246
data/rPPG_dataset/mini_MMPD/subject10/p10_7.mat,90658125
data/rPPG_dataset/mini_MMPD/subject10/p10_8.mat,77627538
data/rPPG_dataset/mini_MMPD/subject10/p10_9.mat,82771101
data/rPPG_dataset/mini_MMPD/subject11/p11_0.mat,72136734
data/rPPG_dataset/mini_MMPD/subject11/p11_1.mat,84739543
data/rPPG_dataset/mini_MMPD/subject11/p11_10.mat,76110189
data/rPPG_dataset/mini_MMPD/subject11/p11_11.mat,91889185
data/rPPG_dataset/mini_MMPD/subject11/p11_12.mat,76171137
data/rPPG_dataset/mini_MMPD/subject11/p11_13.mat,77906323
data/rPPG_dataset/mini_MMPD/subject11/p11_14.mat,75434372
data/rPPG_dataset/mini_MMPD/subject11/p11_15.mat,76795297
data/rPPG_dataset/mini_MMPD/subject11/p11_16.mat,73883156
data/rPPG_dataset/mini_MMPD/subject11/p11_17.mat,82367412
data/rPPG_dataset/mini_MMPD/subject11/p11_18.mat,75006322
data/rPPG_dataset/mini_MMPD/subject11/p11_19.mat,90674859
data/rPPG_dataset/mini_MMPD/subject11/p11_2.mat,74523294
data/rPPG_dataset/mini_MMPD/subject11/p11_3.mat,88631708
data/rPPG_dataset/mini_MMPD/subject11/p11_4.mat,74711465
data/rPPG_dataset/mini_MMPD/subject11/p11_5.mat,85156450
data/rPPG_dataset/mini_MMPD/subject11/p11_6.mat,75763403
data/rPPG_dataset/mini_MMPD/subject11/p11_7.mat,91982719
data/rPPG_dataset/mini_MMPD/subject11/p11_8.mat,75558344
data/rPPG_dataset/mini_MMPD/subject11/p11_9.mat,85078961
data/rPPG_dataset/mini_MMPD/subject12/p12_0.mat,73873189
data/rPPG_dataset/mini_MMPD/subject12/p12_1.mat,77390733
data/rPPG_dataset/mini_MMPD/subject12/p12_10.mat,75079768
data/rPPG_dataset/mini_MMPD/subject12/p12_11.mat,96497524
data/rPPG_dataset/mini_MMPD/subject12/p12_12.mat,74876401
data/rPPG_dataset/mini_MMPD/subject12/p12_13.mat,75779024
data/rPPG_dataset/mini_MMPD/subject12/p12_14.mat,76229276
data/rPPG_dataset/mini_MMPD/subject12/p12_15.mat,77270812
data/rPPG_dataset/mini_MMPD/subject12/p12_16.mat,74233669
data/rPPG_dataset/mini_MMPD/subject12/p12_17.mat,79384047
data/rPPG_dataset/mini_MMPD/subject12/p12_18.mat,76031977
data/rPPG_dataset/mini_MMPD/subject12/p12_19.mat,89986329
data/rPPG_dataset/mini_MMPD/subject12/p12_2.mat,72630756
data/rPPG_dataset/mini_MMPD/subject12/p12_3.mat,92118031
data/rPPG_dataset/mini_MMPD/subject12/p12_4.mat,73910142
data/rPPG_dataset/mini_MMPD/subject12/p12_5.mat,75695351
data/rPPG_dataset/mini_MMPD/subject12/p12_6.mat,71728877
data/rPPG_dataset/mini_MMPD/subject12/p12_7.mat,94435652
data/rPPG_dataset/mini_MMPD/subject12/p12_8.mat,70968618
data/rPPG_dataset/mini_MMPD/subject12/p12_9.mat,76093185
data/rPPG_dataset/mini_MMPD/subject13/p13_0.mat,72732665
data/rPPG_dataset/mini_MMPD/subject13/p13_1.mat,83003998
data/rPPG_dataset/mini_MMPD/subject13/p13_10.mat,71191597
data/rPPG_dataset/mini_MMPD/subject13/p13_11.mat,91703088
data/rPPG_dataset/mini_MMPD/subject13/p13_12.mat,74298998
data/rPPG_dataset/mini_MMPD/subject13/p13_13.mat,76277945
data/rPPG_dataset/mini_MMPD/subject13/p13_14.mat,75766828
data/rPPG_dataset/mini_MMPD/subject13/p13_15.mat,75231229
data/rPPG_dataset/mini_MMPD/subject13/p13_16.mat,70017098
data/rPPG_dataset/mini_MMPD/subject13/p13_17.mat,76848864
data/rPPG_dataset/mini_MMPD/subject13/p13_18.mat,71388324
data/rPPG_dataset/mini_MMPD/subject13/p13_19.mat,85745034
data/rPPG_dataset/mini_MMPD/subject13/p13_2.mat,74240754
data/rPPG_dataset/mini_MMPD/subject13/p13_3.mat,90210624
data/rPPG_dataset/mini_MMPD/subject13/p13_4.mat,75269158
data/rPPG_dataset/mini_MMPD/subject13/p13_5.mat,81125704
data/rPPG_dataset/mini_MMPD/subject13/p13_6.mat,73553395
data/rPPG_dataset/mini_MMPD/subject13/p13_7.mat,94652381
data/rPPG_dataset/mini_MMPD/subject13/p13_8.mat,72894694
data/rPPG_dataset/mini_MMPD/subject13/p13_9.mat,79499047
data/rPPG_dataset/mini_MMPD/subject14/p14_0.mat,70663724
data/rPPG_dataset/mini_MMPD/subject14/p14_1.mat,75976911
data/rPPG_dataset/mini_MMPD/subject14/p14_10.mat,68448671
data/rPPG_dataset/mini_MMPD/subject14/p14_11.mat,89973150
data/rPPG_dataset/mini_MMPD/subject14/p14_12.mat,70182389
data/rPPG_dataset/mini_MMPD/subject14/p14_13.mat,68491862
data/rPPG_dataset/mini_MMPD/subject14/p14_14.mat,72065561
data/rPPG_dataset/mini_MMPD/subject14/p14_15.mat,72147921
data/rPPG_dataset/mini_MMPD/subject14/p14_16.mat,71492583
data/rPPG_dataset/mini_MMPD/subject14/p14_17.mat,77081548
data/rPPG_dataset/mini_MMPD/subject14/p14_18.mat,70044574
data/rPPG_dataset/mini_MMPD/subject14/p14_19.mat,86035497
data/rPPG_dataset/mini_MMPD/subject14/p14_2.mat,72626897
data/rPPG_dataset/mini_MMPD/subject14/p14_3.mat,93442502
data/rPPG_dataset/mini_MMPD/subject14/p14_4.mat,70393901
data/rPPG_dataset/mini_MMPD/subject14/p14_5.mat,74423484
data/rPPG_dataset/mini_MMPD/subject14/p14_6.mat,66676016
data/rPPG_dataset/mini_MMPD/subject14/p14_7.mat,95036761
data/rPPG_dataset/mini_MMPD/subject14/p14_8.mat,70655745
data/rPPG_dataset/mini_MMPD/subject14/p14_9.mat,76157280
data/rPPG_dataset/mini_MMPD/subject15/p15_0.mat,70280202
data/rPPG_dataset/mini_MMPD/subject15/p15_1.mat,74674946
data/rPPG_dataset/mini_MMPD/subject15/p15_10.mat,70584551
data/rPPG_dataset/mini_MMPD/subject15/p15_11.mat,90847124
data/rPPG_dataset/mini_MMPD/subject15/p15_12.mat,71331289
data/rPPG_dataset/mini_MMPD/subject15/p15_13.mat,73071605
data/rPPG_dataset/mini_MMPD/subject15/p15_14.mat,76616629
data/rPPG_dataset/mini_MMPD/subject15/p15_15.mat,73328787
data/rPPG_dataset/mini_MMPD/subject15/p15_16.mat,71266995
data/rPPG_dataset/mini_MMPD/subject15/p15_17.mat,77070122
data/rPPG_dataset/mini_MMPD/subject15/p15_18.mat,71698109
data/rPPG_dataset/mini_MMPD/subject15/p15_19.mat,87127197
data/rPPG_dataset/mini_MMPD/subject15/p15_2.mat,68761119
data/rPPG_dataset/mini_MMPD/subject15/p15_3.mat,85939869
data/rPPG_dataset/mini_MMPD/subject15/p15_4.mat,68788977
data/rPPG_dataset/mini_MMPD/subject15/p15_5.mat,72803969
data/rPPG_dataset/mini_MMPD/subject15/p15_6.mat,69880329
data/rPPG_dataset/mini_MMPD/subject15/p15_7.mat,90035477
data/rPPG_dataset/mini_MMPD/subject15/p15_8.mat,63774840
data/rPPG_dataset/mini_MMPD/subject15/p15_9.mat,76814809
data/rPPG_dataset/mini_MMPD/subject16/p16_0.mat,70885898
data/rPPG_dataset/mini_MMPD/subject16/p16_1.mat,74883053
data/rPPG_dataset/mini_MMPD/subject16/p16_10.mat,67478064
data/rPPG_dataset/mini_MMPD/subject16/p16_11.mat,89660880
data/rPPG_dataset/mini_MMPD/subject16/p16_12.mat,69326043
data/rPPG_dataset/mini_MMPD/subject16/p16_13.mat,70219555
data/rPPG_dataset/mini_MMPD/subject16/p16_14.mat,73441717
data/rPPG_dataset/mini_MMPD/subject16/p16_15.mat,70510259
data/rPPG_dataset/mini_MMPD/subject16/p16_16.mat,68462946
data/rPPG_dataset/mini_MMPD/subject16/p16_17.mat,73030261
data/rPPG_dataset/mini_MMPD/subject16/p16_18.mat,68642040
data/rPPG_dataset/mini_MMPD/subject16/p16_19.mat,82912688
data/rPPG_dataset/mini_MMPD/subject16/p16_2.mat,71081610
data/rPPG_dataset/mini_MMPD/subject16/p16_3.mat,85925342
data/rPPG_dataset/mini_MMPD/subject16/p16_4.mat,68610438
data/rPPG_dataset/mini_MMPD/subject16/p16_5.mat,72542231
data/rPPG_dataset/mini_MMPD/subject16/p16_6.mat,67924748
data/rPPG_dataset/mini_MMPD/subject16/p16_7.mat,90372777
data/rPPG_dataset/mini_MMPD/subject16/p16_8.mat,71887040
data/rPPG_dataset/mini_MMPD/subject16/p16_9.mat,71836419
data/rPPG_dataset/mini_MMPD/subject17/p17_0.mat,73288610
data/rPPG_dataset/mini_MMPD/subject17/p17_1.mat,81828950
data/rPPG_dataset/mini_MMPD/subject17/p17_10.mat,72401142
data/rPPG_dataset/mini_MMPD/subject17/p17_11.mat,99340021
data/rPPG_dataset/mini_MMPD/subject17/p17_12.mat,71529753
data/rPPG_dataset/mini_MMPD/subject17/p17_13.mat,76059977
data/rPPG_dataset/mini_MMPD/subject17/p17_14.mat,75269585
data/rPPG_dataset/mini_MMPD/subject17/p17_15.mat,75075097
data/rPPG_dataset/mini_MMPD/subject17/p17_16.mat,75763819
data/rPPG_dataset/mini_MMPD/subject17/p17_17.mat,79031592
data/rPPG_dataset/mini_MMPD/subject17/p17_18.mat,74085806
data/rPPG_dataset/mini_MMPD/subject17/p17_19.mat,93753031
data/rPPG_dataset/mini_MMPD/subject17/p17_2.mat,81628769
data/rPPG_dataset/mini_MMPD/subject17/p17_3.mat,98174007
data/rPPG_dataset/mini_MMPD/subject17/p17_4.mat,72005139
data/rPPG_dataset/mini_MMPD/subject17/p17_5.mat,76886968
data/rPPG_dataset/mini_MMPD/subject17/p17_6.mat,74357797
data/rPPG_dataset/mini_MMPD/subject17/p17_7.mat,98286107
data/rPPG_dataset/mini_MMPD/subject17/p17_8.mat,75138640
data/rPPG_dataset/mini_MMPD/subject17/p17_9.mat,78035742
data/rPPG_dataset/mini_MMPD/subject18/p18_0.mat,71285015
data/rPPG_dataset/mini_MMPD/subject18/p18_1.mat,77282050
data/rPPG_dataset/mini_MMPD/subject18/p18_10.mat,72676908
data/rPPG_dataset/mini_MMPD/subject18/p18_11.mat,96198895
data/rPPG_dataset/mini_MMPD/subject18/p18_12.mat,75833279
data/rPPG_dataset/mini_MMPD/subject18/p18_13.mat,76162556
data/rPPG_dataset/mini_MMPD/subject18/p18_14.mat,78417383
data/rPPG_dataset/mini_MMPD/subject18/p18_15.mat,77851480
data/rPPG_dataset/mini_MMPD/subject18/p18_16.mat,76393500
data/rPPG_dataset/mini_MMPD/subject18/p18_17.mat,82338826
data/rPPG_dataset/mini_MMPD/subject18/p18_18.mat,74045983
data/rPPG_dataset/mini_MMPD/subject18/p18_19.mat,93594379
data/rPPG_dataset/mini_MMPD/subject18/p18_2.mat,71810667
data/rPPG_dataset/mini_MMPD/subject18/p18_3.mat,94550727
data/rPPG_dataset/mini_MMPD/subject18/p18_4.mat,76936287
data/rPPG_dataset/mini_MMPD/subject18/p18_5.mat,81041580
data/rPPG_dataset/mini_MMPD/subject18/p18_6.mat,74536713
data/rPPG_dataset/mini_MMPD/subject18/p18_7.mat,95537681
data/rPPG_dataset/mini_MMPD/subject18/p18_8.mat,75908102
data/rPPG_dataset/mini_MMPD/subject18/p18_9.mat,83577095
data/rPPG_dataset/mini_MMPD/subject19/p19_0.mat,70045232
data/rPPG_dataset/mini_MMPD/subject19/p19_1.mat,77013368
data/rPPG_dataset/mini_MMPD/subject19/p19_10.mat,68147576
data/rPPG_dataset/mini_MMPD/subject19/p19_11.mat,95423231
data/rPPG_dataset/mini_MMPD/subject19/p19_12.mat,67348931
data/rPPG_dataset/mini_MMPD/subject19/p19_13.mat,69596780
data/rPPG_dataset/mini_MMPD/subject19/p19_14.mat,70956354
data/rPPG_dataset/mini_MMPD/subject19/p19_15.mat,69784249
data/rPPG_dataset/mini_MMPD/subject19/p19_16.mat,68944418
data/rPPG_dataset/mini_MMPD/subject19/p19_17.mat,74443126
data/rPPG_dataset/mini_MMPD/subject19/p19_18.mat,69065982
data/rPPG_dataset/mini_MMPD/subject19/p19_19.mat,91101991
data/rPPG_dataset/mini_MMPD/subject19/p19_2.mat,69365670
data/rPPG_dataset/mini_MMPD/subject19/p19_3.mat,95085596
data/rPPG_dataset/mini_MMPD/subject19/p19_4.mat,67336189
data/rPPG_dataset/mini_MMPD/subject19/p19_5.mat,72387179
data/rPPG_dataset/mini_MMPD/subject19/p19_6.mat,67669610
data/rPPG_dataset/mini_MMPD/subject19/p19_7.mat,96426925
data/rPPG_dataset/mini_MMPD/subject19/p19_8.mat,71509454
data/rPPG_dataset/mini_MMPD/subject19/p19_9.mat,71900054
data/rPPG_dataset/mini_MMPD/subject2/p2_0.mat,66451350
data/rPPG_dataset/mini_MMPD/subject2/p2_1.mat,73144903
data/rPPG_dataset/mini_MMPD/subject2/p2_10.mat,68481134
data/rPPG_dataset/mini_MMPD/subject2/p2_11.mat,91417004
data/rPPG_dataset/mini_MMPD/subject2/p2_12.mat,70069510
data/rPPG_dataset/mini_MMPD/subject2/p2_13.mat,67159790
data/rPPG_dataset/mini_MMPD/subject2/p2_14.mat,70221463
data/rPPG_dataset/mini_MMPD/subject2/p2_15.mat,73126124
data/rPPG_dataset/mini_MMPD/subject2/p2_16.mat,70606340
data/rPPG_dataset/mini_MMPD/subject2/p2_17.mat,76371669
data/rPPG_dataset/mini_MMPD/subject2/p2_18.mat,70018592
data/rPPG_dataset/mini_MMPD/subject2/p2_19.mat,88809593
data/rPPG_dataset/mini_MMPD/subject2/p2_2.mat,67829508
data/rPPG_dataset/mini_MMPD/subject2/p2_3.mat,87041469
data/rPPG_dataset/mini_MMPD/subject2/p2_4.mat,67865199
data/rPPG_dataset/mini_MMPD/subject2/p2_5.mat,70051905
data/rPPG_dataset/mini_MMPD/subject2/p2_6.mat,68024642
data/rPPG_dataset/mini_MMPD/subject2/p2_7.mat,93779579
data/rPPG_dataset/mini_MMPD/subject2/p2_8.mat,69338736
data/rPPG_dataset/mini_MMPD/subject2/p2_9.mat,72676241
data/rPPG_dataset/mini_MMPD/subject20/p20_0.mat,67295716
data/rPPG_dataset/mini_MMPD/subject20/p20_1.mat,83829701
data/rPPG_dataset/mini_MMPD/subject20/p20_10.mat,79795715
data/rPPG_dataset/mini_MMPD/subject20/p20_11.mat,90783638
data/rPPG_dataset/mini_MMPD/subject20/p20_12.mat,77424180
data/rPPG_dataset/mini_MMPD/subject20/p20_13.mat,77162155
data/rPPG_dataset/mini_MMPD/subject20/p20_14.mat,76166616
data/rPPG_dataset/mini_MMPD/subject20/p20_15.mat,77114341
data/rPPG_dataset/mini_MMPD/subject20/p20_16.mat,71784370
data/rPPG_dataset/mini_MMPD/subject20/p20_17.mat,82930794
data/rPPG_dataset/mini_MMPD/subject20/p20_18.mat,80684346
data/rPPG_dataset/mini_MMPD/subject20/p20_19.mat,90608183
data/rPPG_dataset/mini_MMPD/subject20/p20_2.mat,83707104
data/rPPG_dataset/mini_MMPD/subject20/p20_3.mat,88354501
data/rPPG_dataset/mini_MMPD/subject20/p20_4.mat,73048675
data/rPPG_dataset/mini_MMPD/subject20/p20_5.mat,83511298
data/rPPG_dataset/mini_MMPD/subject20/p20_6.mat,81228381
data/rPPG_dataset/mini_MMPD/subject20/p20_7.mat,93982950
data/rPPG_dataset/mini_MMPD/subject20/p20_8.mat,75752966
data/rPPG_dataset/mini_MMPD/subject20/p20_9.mat,80103303
data/rPPG_dataset/mini_MMPD/subject21/p21_0.mat,72556403
data/rPPG_dataset/mini_MMPD/subject21/p21_1.mat,77515699
data/rPPG_dataset/mini_MMPD/subject21/p21_10.mat,72645260
data/rPPG_dataset/mini_MMPD/subject21/p21_11.mat,94119244
data/rPPG_dataset/mini_MMPD/subject21/p21_12.mat,82851994
data/rPPG_dataset/mini_MMPD/subject21/p21_13.mat,80427649
data/rPPG_dataset/mini_MMPD/subject21/p21_14.mat,78613709
data/rPPG_dataset/mini_MMPD/subject21/p21_15.mat,77563679
data/rPPG_dataset/mini_MMPD/subject21/p21_16.mat,77391436
data/rPPG_dataset/mini_MMPD/subject21/p21_17.mat,82626857
data/rPPG_dataset/mini_MMPD/subject21/p21_18.mat,72444581
data/rPPG_dataset/mini_MMPD/subject21/p21_19.mat,92721963
data/rPPG_dataset/mini_MMPD/subject21/p21_2.mat,72894139
data/rPPG_dataset/mini_MMPD/subject21/p21_3.mat,90872831
data/rPPG_dataset/mini_MMPD/subject21/p21_4.mat,80655702
data/rPPG_dataset/mini_MMPD/subject21/p21_5.mat,85216011
data/rPPG_dataset/mini_MMPD/subject21/p21_6.mat,79945756
data/rPPG_dataset/mini_MMPD/subject21/p21_7.mat,93417107
data/rPPG_dataset/mini_MMPD/subject21/p21_8.mat,73454109
data/rPPG_dataset/mini_MMPD/subject21/p21_9.mat,77925115
data/rPPG_dataset/mini_MMPD/subject22/p22_0.mat,71779994
data/rPPG_dataset/mini_MMPD/subject22/p22_1.mat,73126197
data/rPPG_dataset/mini_MMPD/subject22/p22_10.mat,72088328
data/rPPG_dataset/mini_MMPD/subject22/p22_11.mat,90292682
data/rPPG_dataset/mini_MMPD/subject22/p22_12.mat,73442616
data/rPPG_dataset/mini_MMPD/subject22/p22_13.mat,72528554
data/rPPG_dataset/mini_MMPD/subject22/p22_14.mat,73867019
data/rPPG_dataset/mini_MMPD/subject22/p22_15.mat,72944357
data/rPPG_dataset/mini_MMPD/subject22/p22_16.mat,71091632
data/rPPG_dataset/mini_MMPD/subject22/p22_17.mat,73629325
data/rPPG_dataset/mini_MMPD/subject22/p22_18.mat,71357142
data/rPPG_dataset/mini_MMPD/subject22/p22_19.mat,89683239
data/rPPG_dataset/mini_MMPD/subject22/p22_2.mat,71886626
data/rPPG_dataset/mini_MMPD/subject22/p22_3.mat,84708281
data/rPPG_dataset/mini_MMPD/subject22/p22_4.mat,69510550
data/rPPG_dataset/mini_MMPD/subject22/p22_5.mat,70686696
data/rPPG_dataset/mini_MMPD/subject22/p22_6.mat,70610955
data/rPPG_dataset/mini_MMPD/subject22/p22_7.mat,87557576
data/rPPG_dataset/mini_MMPD/subject22/p22_8.mat,73963333
data/rPPG_dataset/mini_MMPD/subject22/p22_9.mat,79880577
data/rPPG_dataset/mini_MMPD/subject23/p23_0.mat,72740537
data/rPPG_dataset/mini_MMPD/subject23/p23_1.mat,81366690
data/rPPG_dataset/mini_MMPD/subject23/p23_10.mat,70807582
data/rPPG_dataset/mini_MMPD/subject23/p23_11.mat,88976142
data/rPPG_dataset/mini_MMPD/subject23/p23_12.mat,72712636
data/rPPG_dataset/mini_MMPD/subject23/p23_13.mat,72512325
data/rPPG_dataset/mini_MMPD/subject23/p23_14.mat,74000906
data/rPPG_dataset/mini_MMPD/subject23/p23_15.mat,71687709
data/rPPG_dataset/mini_MMPD/subject23/p23_16.mat,72842915
data/rPPG_dataset/mini_MMPD/subject23/p23_17.mat,78081981
data/rPPG_dataset/mini_MMPD/subject23/p23_18.mat,73580776
data/rPPG_dataset/mini_MMPD/subject23/p23_19.mat,81758371
data/rPPG_dataset/mini_MMPD/subject23/p23_2.mat,73834431
data/rPPG_dataset/mini_MMPD/subject23/p23_3.mat,87463279
data/rPPG_dataset/mini_MMPD/subject23/p23_4.mat,70053797
data/rPPG_dataset/mini_MMPD/subject23/p23_5.mat,76888105
data/rPPG_dataset/mini_MMPD/subject23/p23_6.mat,71981703
data/rPPG_dataset/mini_MMPD/subject23/p23_7.mat,92574052
data/rPPG_dataset/mini_MMPD/subject23/p23_8.mat,73193670
data/rPPG_dataset/mini_MMPD/subject23/p23_9.mat,76318621
data/rPPG_dataset/mini_MMPD/subject24/p24_0.mat,73580302
data/rPPG_dataset/mini_MMPD/subject24/p24_1.mat,74071914
data/rPPG_dataset/mini_MMPD/subject24/p24_10.mat,76286463
data/rPPG_dataset/mini_MMPD/subject24/p24_11.mat,96311385
data/rPPG_dataset/mini_MMPD/subject24/p24_12.mat,73328718
data/rPPG_dataset/mini_MMPD/subject24/p24_13.mat,72812495
data/rPPG_dataset/mini_MMPD/subject24/p24_14.mat,73898892
data/rPPG_dataset/mini_MMPD/subject24/p24_15.mat,77320400
data/rPPG_dataset/mini_MMPD/subject24/p24_16.mat,76684880
data/rPPG_dataset/mini_MMPD/subject24/p24_17.mat,80188539
data/rPPG_dataset/mini_MMPD/subject24/p24_18.mat,71507383
data/rPPG_dataset/mini_MMPD/subject24/p24_19.mat,94655302
data/rPPG_dataset/mini_MMPD/subject24/p24_2.mat,70274187
data/rPPG_dataset/mini_MMPD/subject24/p24_3.mat,93988402
data/rPPG_dataset/mini_MMPD/subject24/p24_4.mat,75828740
data/rPPG_dataset/mini_MMPD/subject24/p24_5.mat,78799028
data/rPPG_dataset/mini_MMPD/subject24/p24_6.mat,73023752
data/rPPG_dataset/mini_MMPD/subject24/p24_7.mat,96701926
data/rPPG_dataset/mini_MMPD/subject24/p24_8.mat,74894253
data/rPPG_dataset/mini_MMPD/subject24/p24_9.mat,78671911
data/rPPG_dataset/mini_MMPD/subject25/p25_0.mat,71332843
data/rPPG_dataset/mini_MMPD/subject25/p25_1.mat,73922439
data/rPPG_dataset/mini_MMPD/subject25/p25_10.mat,73064116
data/rPPG_dataset/mini_MMPD/subject25/p25_11.mat,89446856
data/rPPG_dataset/mini_MMPD/subject25/p25_12.mat,72115640
data/rPPG_dataset/mini_MMPD/subject25/p25_13.mat,71939917
data/rPPG_dataset/mini_MMPD/subject25/p25_14.mat,73465540
data/rPPG_dataset/mini_MMPD/subject25/p25_15.mat,71535722
data/rPPG_dataset/mini_MMPD/subject25/p25_16.mat,70137853
data/rPPG_dataset/mini_MMPD/subject25/p25_17.mat,74411614
data/rPPG_dataset/mini_MMPD/subject25/p25_18.mat,72503089
data/rPPG_dataset/mini_MMPD/subject25/p25_19.mat,86615496
data/rPPG_dataset/mini_MMPD/subject25/p25_2.mat,72936818
data/rPPG_dataset/mini_MMPD/subject25/p25_3.mat,89712729
data/rPPG_dataset/mini_MMPD/subject25/p25_4.mat,72803832
data/rPPG_dataset/mini_MMPD/subject25/p25_5.mat,73206014
data/rPPG_dataset/mini_MMPD/subject25/p25_6.mat,73437739
data/rPPG_dataset/mini_MMPD/subject25/p25_7.mat,89299478
data/rPPG_dataset/mini_MMPD/subject25/p25_8.mat,74277246
data/rPPG_dataset/mini_MMPD/subject25/p25_9.mat,76215087
data/rPPG_dataset/mini_MMPD/subject26/p26_0.mat,72614141
data/rPPG_dataset/mini_MMPD/subject26/p26_1.mat,81516266
data/rPPG_dataset/mini_MMPD/subject26/p26_10.mat,72090754
data/rPPG_dataset/mini_MMPD/subject26/p26_11.mat,93817172
data/rPPG_dataset/mini_MMPD/subject26/p26_12.mat,71650270
data/rPPG_dataset/mini_MMPD/subject26/p26_13.mat,75942118
data/rPPG_dataset/mini_MMPD/subject26/p26_14.mat,76971834
data/rPPG_dataset/mini_MMPD/subject26/p26_15.mat,74526378
data/rPPG_dataset/mini_MMPD/subject26/p26_16.mat,69224030
data/rPPG_dataset/mini_MMPD/subject26/p26_17.mat,80905070
data/rPPG_dataset/mini_MMPD/subject26/p26_18.mat,68924078
data/rPPG_dataset/mini_MMPD/subject26/p26_19.mat,90695824
data/rPPG_dataset/mini_MMPD/subject26/p26_2.mat,74506050
data/rPPG_dataset/mini_MMPD/subject26/p26_3.mat,95819096
data/rPPG_dataset/mini_MMPD/subject26/p26_4.mat,71785181
data/rPPG_dataset/mini_MMPD/subject26/p26_5.mat,83267628
data/rPPG_dataset/mini_MMPD/subject26/p26_6.mat,72396587
data/rPPG_dataset/mini_MMPD/subject26/p26_7.mat,91997600
data/rPPG_dataset/mini_MMPD/subject26/p26_8.mat,70838906
data/rPPG_dataset/mini_MMPD/subject26/p26_9.mat,81386558
data/rPPG_dataset/mini_MMPD/subject27/p27_0.mat,72403448
data/rPPG_dataset/mini_MMPD/subject27/p27_1.mat,79689902
data/rPPG_dataset/mini_MMPD/subject27/p27_10.mat,74759084
data/rPPG_dataset/mini_MMPD/subject27/p27_11.mat,92024436
data/rPPG_dataset/mini_MMPD/subject27/p27_12.mat,75276707
data/rPPG_dataset/mini_MMPD/subject27/p27_13.mat,78658740
data/rPPG_dataset/mini_MMPD/subject27/p27_14.mat,77076671
data/rPPG_dataset/mini_MMPD/subject27/p27_15.mat,75004115
data/rPPG_dataset/mini_MMPD/subject27/p27_16.mat,70697130
data/rPPG_dataset/mini_MMPD/subject27/p27_17.mat,78031204
data/rPPG_dataset/mini_MMPD/subject27/p27_18.mat,73408783
data/rPPG_dataset/mini_MMPD/subject27/p27_19.mat,92518661
data/rPPG_dataset/mini_MMPD/subject27/p27_2.mat,72281692
data/rPPG_dataset/mini_MMPD/subject27/p27_3.mat,90920742
data/rPPG_dataset/mini_MMPD/subject27/p27_4.mat,78499083
data/rPPG_dataset/mini_MMPD/subject27/p27_5.mat,82446385
data/rPPG_dataset/mini_MMPD/subject27/p27_6.mat,74621706
data/rPPG_dataset/mini_MMPD/subject27/p27_7.mat,93627220
data/rPPG_dataset/mini_MMPD/subject27/p27_8.mat,77110133
data/rPPG_dataset/mini_MMPD/subject27/p27_9.mat,83384220
data/rPPG_dataset/mini_MMPD/subject28/p28_0.mat,72096816
data/rPPG_dataset/mini_MMPD/subject28/p28_1.mat,79708786
data/rPPG_dataset/mini_MMPD/subject28/p28_10.mat,68950387
data/rPPG_dataset/mini_MMPD/subject28/p28_11.mat,89853239
data/rPPG_dataset/mini_MMPD/subject28/p28_12.mat,70305807
data/rPPG_dataset/mini_MMPD/subject28/p28_13.mat,72210278
data/rPPG_dataset/mini_MMPD/subject28/p28_14.mat,73671027
data/rPPG_dataset/mini_MMPD/subject28/p28_15.mat,69548304
data/rPPG_dataset/mini_MMPD/subject28/p28_16.mat,65127361
data/rPPG_dataset/mini_MMPD/subject28/p28_17.mat,75079956
data/rPPG_dataset/mini_MMPD/subject28/p28_18.mat,69341921
data/rPPG_dataset/mini_MMPD/subject28/p28_19.mat,85856459
data/rPPG_dataset/mini_MMPD/subject28/p28_2.mat,75923065
data/rPPG_dataset/mini_MMPD/subject28/p28_3.mat,89520125
data/rPPG_dataset/mini_MMPD/subject28/p28_4.mat,66687734
data/rPPG_dataset/mini_MMPD/subject28/p28_5.mat,77913475
data/rPPG_dataset/mini_MMPD/subject28/p28_6.mat,74242930
data/rPPG_dataset/mini_MMPD/subject28/p28_7.mat,88322817
data/rPPG_dataset/mini_MMPD/subject28/p28_8.mat,65283974
data/rPPG_dataset/mini_MMPD/subject28/p28_9.mat,75756661
data/rPPG_dataset/mini_MMPD/subject29/p29_0.mat,67864622
data/rPPG_dataset/mini_MMPD/subject29/p29_1.mat,71836470
data/rPPG_dataset/mini_MMPD/subject29/p29_10.mat,68825051
data/rPPG_dataset/mini_MMPD/subject29/p29_11.mat,91814347
data/rPPG_dataset/mini_MMPD/subject29/p29_12.mat,70957345
data/rPPG_dataset/mini_MMPD/subject29/p29_13.mat,71178657
data/rPPG_dataset/mini_MMPD/subject29/p29_14.mat,73304342
data/rPPG_dataset/mini_MMPD/subject29/p29_15.mat,71528191
data/rPPG_dataset/mini_MMPD/subject29/p29_16.mat,70209934
data/rPPG_dataset/mini_MMPD/subject29/p29_17.mat,74954735
data/rPPG_dataset/mini_MMPD/subject29/p29_18.mat,71126716
data/rPPG_dataset/mini_MMPD/subject29/p29_19.mat,90765512
data/rPPG_dataset/mini_MMPD/subject29/p29_2.mat,67761319
data/rPPG_dataset/mini_MMPD/subject29/p29_3.mat,87516453
data/rPPG_dataset/mini_MMPD/subject29/p29_4.mat,67924491
data/rPPG_dataset/mini_MMPD/subject29/p29_5.mat,70803080
data/rPPG_dataset/mini_MMPD/subject29/p29_6.mat,66763625
data/rPPG_dataset/mini_MMPD/subject29/p29_7.mat,90295020
data/rPPG_dataset/mini_MMPD/subject29/p29_8.mat,69220332
data/rPPG_dataset/mini_MMPD/subject29/p29_9.mat,71969690
data/rPPG_dataset/mini_MMPD/subject3/p3_0.mat,70447564
data/rPPG_dataset/mini_MMPD/subject3/p3_1.mat,76392422
data/rPPG_dataset/mini_MMPD/subject3/p3_10.mat,73631806
data/rPPG_dataset/mini_MMPD/subject3/p3_11.mat,97377110
data/rPPG_dataset/mini_MMPD/subject3/p3_12.mat,71153301
data/rPPG_dataset/mini_MMPD/subject3/p3_13.mat,73537518
data/rPPG_dataset/mini_MMPD/subject3/p3_14.mat,67571508
data/rPPG_dataset/mini_MMPD/subject3/p3_15.mat,66939669
data/rPPG_dataset/mini_MMPD/subject3/p3_16.mat,71478532
data/rPPG_dataset/mini_MMPD/subject3/p3_17.mat,79160315
data/rPPG_dataset/mini_MMPD/subject3/p3_18.mat,74550066
data/rPPG_dataset/mini_MMPD/subject3/p3_19.mat,95447051
data/rPPG_dataset/mini_MMPD/subject3/p3_2.mat,69285478
data/rPPG_dataset/mini_MMPD/subject3/p3_3.mat,96344751
data/rPPG_dataset/mini_MMPD/subject3/p3_4.mat,71415129
data/rPPG_dataset/mini_MMPD/subject3/p3_5.mat,73032458
data/rPPG_dataset/mini_MMPD/subject3/p3_6.mat,71339267
data/rPPG_dataset/mini_MMPD/subject3/p3_7.mat,97288261
data/rPPG_dataset/mini_MMPD/subject3/p3_8.mat,69629342
data/rPPG_dataset/mini_MMPD/subject3/p3_9.mat,75150082
data/rPPG_dataset/mini_MMPD/subject30/p30_0.mat,68918450
data/rPPG_dataset/mini_MMPD/subject30/p30_1.mat,77989736
data/rPPG_dataset/mini_MMPD/subject30/p30_10.mat,65695010
data/rPPG_dataset/mini_MMPD/subject30/p30_11.mat,91334999
data/rPPG_dataset/mini_MMPD/subject30/p30_12.mat,69395468
data/rPPG_dataset/mini_MMPD/subject30/p30_13.mat,68886063
data/rPPG_dataset/mini_MMPD/subject30/p30_14.mat,70535324
data/rPPG_dataset/mini_MMPD/subject30/p30_15.mat,68944957
data/rPPG_dataset/mini_MMPD/subject30/p30_16.mat,67354724
data/rPPG_dataset/mini_MMPD/subject30/p30_17.mat,76332407
data/rPPG_dataset/mini_MMPD/subject30/p30_18.mat,67817940
data/rPPG_dataset/mini_MMPD/subject30/p30_19.mat,88125674
data/rPPG_dataset/mini_MMPD/subject30/p30_2.mat,68576002
data/rPPG_dataset/mini_MMPD/subject30/p30_3.mat,86185394
data/rPPG_dataset/mini_MMPD/subject30/p30_4.mat,66951270
data/rPPG_dataset/mini_MMPD/subject30/p30_5.mat,78028627
data/rPPG_dataset/mini_MMPD/subject30/p30_6.mat,66574311
data/rPPG_dataset/mini_MMPD/subject30/p30_7.mat,88985937
data/rPPG_dataset/mini_MMPD/subject30/p30_8.mat,66161263
data/rPPG_dataset/mini_MMPD/subject30/p30_9.mat,75977623
data/rPPG_dataset/mini_MMPD/subject31/p31_0.mat,68949561
data/rPPG_dataset/mini_MMPD/subject31/p31_1.mat,76479713
data/rPPG_dataset/mini_MMPD/subject31/p31_10.mat,68433310
data/rPPG_dataset/mini_MMPD/subject31/p31_11.mat,87372242
data/rPPG_dataset/mini_MMPD/subject31/p31_12.mat,68805531
data/rPPG_dataset/mini_MMPD/subject31/p31_13.mat,69206068
data/rPPG_dataset/mini_MMPD/subject31/p31_14.mat,69023465
data/rPPG_dataset/mini_MMPD/subject31/p31_15.mat,68784909
data/rPPG_dataset/mini_MMPD/subject31/p31_16.mat,65726563
data/rPPG_dataset/mini_MMPD/subject31/p31_17.mat,73397397
data/rPPG_dataset/mini_MMPD/subject31/p31_18.mat,66988874
data/rPPG_dataset/mini_MMPD/subject31/p31_19.mat,85553243
data/rPPG_dataset/mini_MMPD/subject31/p31_2.mat,65722478
data/rPPG_dataset/mini_MMPD/subject31/p31_3.mat,84118740
data/rPPG_dataset/mini_MMPD/subject31/p31_4.mat,67057604
data/rPPG_dataset/mini_MMPD/subject31/p31_5.mat,76639887
data/rPPG_dataset/mini_MMPD/subject31/p31_6.mat,68936282
data/rPPG_dataset/mini_MMPD/subject31/p31_7.mat,87398264
data/rPPG_dataset/mini_MMPD/subject31/p31_8.mat,62944006
data/rPPG_dataset/mini_MMPD/subject31/p31_9.mat,75686322
data/rPPG_dataset/mini_MMPD/subject32/p32_0.mat,73504969
data/rPPG_dataset/mini_MMPD/subject32/p32_1.mat,81910247
data/rPPG_dataset/mini_MMPD/subject32/p32_10.mat,75523627
data/rPPG_dataset/mini_MMPD/subject32/p32_11.mat,95631744
data/rPPG_dataset/mini_MMPD/subject32/p32_12.mat,73757380
data/rPPG_dataset/mini_MMPD/subject32/p32_13.mat,73035402
data/rPPG_dataset/mini_MMPD/subject32/p32_14.mat,75652178
data/rPPG_dataset/mini_MMPD/subject32/p32_15.mat,72579685
data/rPPG_dataset/mini_MMPD/subject32/p32_16.mat,73636631
data/rPPG_dataset/mini_MMPD/subject32/p32_17.mat,77937840
data/rPPG_dataset/mini_MMPD/subject32/p32_18.mat,72452326
data/rPPG_dataset/mini_MMPD/subject32/p32_19.mat,91681329
data/rPPG_dataset/mini_MMPD/subject32/p32_2.mat,73647688
data/rPPG_dataset/mini_MMPD/subject32/p32_3.mat,92295039
data/rPPG_dataset/mini_MMPD/subject32/p32_4.mat,70532535
data/rPPG_dataset/mini_MMPD/subject32/p32_5.mat,79349421
data/rPPG_dataset/mini_MMPD/subject32/p32_6.mat,73240098
data/rPPG_dataset/mini_MMPD/subject32/p32_7.mat,94329978
data/rPPG_dataset/mini_MMPD/subject32/p32_8.mat,73649505
data/rPPG_dataset/mini_MMPD/subject32/p32_9.mat,78809015
data/rPPG_dataset/mini_MMPD/subject33/p33_0.mat,71458059
data/rPPG_dataset/mini_MMPD/subject33/p33_1.mat,73671991
data/rPPG_dataset/mini_MMPD/subject33/p33_10.mat,71722422
data/rPPG_dataset/mini_MMPD/subject33/p33_11.mat,87769605
data/rPPG_dataset/mini_MMPD/subject33/p33_12.mat,71931817
data/rPPG_dataset/mini_MMPD/subject33/p33_13.mat,74120683
data/rPPG_dataset/mini_MMPD/subject33/p33_14.mat,71238340
data/rPPG_dataset/mini_MMPD/subject33/p33_15.mat,71987880
data/rPPG_dataset/mini_MMPD/subject33/p33_16.mat,71057559
data/rPPG_dataset/mini_MMPD/subject33/p33_17.mat,72880261
data/rPPG_dataset/mini_MMPD/subject33/p33_18.mat,70212670
data/rPPG_dataset/mini_MMPD/subject33/p33_19.mat,83346946
data/rPPG_dataset/mini_MMPD/subject33/p33_2.mat,69747046
data/rPPG_dataset/mini_MMPD/subject33/p33_3.mat,82191904
data/rPPG_dataset/mini_MMPD/subject33/p33_4.mat,69943401
data/rPPG_dataset/mini_MMPD/subject33/p33_5.mat,72469797
data/rPPG_dataset/mini_MMPD/subject33/p33_6.mat,69018376
data/rPPG_dataset/mini_MMPD/subject33/p33_7.mat,87968477
data/rPPG_dataset/mini_MMPD/subject33/p33_8.mat,71677698
data/rPPG_dataset/mini_MMPD/subject33/p33_9.mat,72617363
data/rPPG_dataset/mini_MMPD/subject4/p4_0.mat,72565225
data/rPPG_dataset/mini_MMPD/subject4/p4_1.mat,77587912
data/rPPG_dataset/mini_MMPD/subject4/p4_10.mat,72322181
data/rPPG_dataset/mini_MMPD/subject4/p4_11.mat,93780157
data/rPPG_dataset/mini_MMPD/subject4/p4_12.mat,72823338
data/rPPG_dataset/mini_MMPD/subject4/p4_13.mat,72963846
data/rPPG_dataset/mini_MMPD/subject4/p4_14.mat,73893167
data/rPPG_dataset/mini_MMPD/subject4/p4_15.mat,74380189
data/rPPG_dataset/mini_MMPD/subject4/p4_16.mat,74067776
data/rPPG_dataset/mini_MMPD/subject4/p4_17.mat,78372039
data/rPPG_dataset/mini_MMPD/subject4/p4_18.mat,76028776
data/rPPG_dataset/mini_MMPD/subject4/p4_19.mat,87986019
data/rPPG_dataset/mini_MMPD/subject4/p4_2.mat,71983049
data/rPPG_dataset/mini_MMPD/subject4/p4_3.mat,88615078
data/rPPG_dataset/mini_MMPD/subject4/p4_4.mat,71920672
data/rPPG_dataset/mini_MMPD/subject4/p4_5.mat,78857254
data/rPPG_dataset/mini_MMPD/subject4/p4_6.mat,72654365
data/rPPG_dataset/mini_MMPD/subject4/p4_7.mat,94182294
data/rPPG_dataset/mini_MMPD/subject4/p4_8.mat,74407815
data/rPPG_dataset/mini_MMPD/subject4/p4_9.mat,77312780
data/rPPG_dataset/mini_MMPD/subject5/p5_0.mat,71429518
data/rPPG_dataset/mini_MMPD/subject5/p5_1.mat,80739608
data/rPPG_dataset/mini_MMPD/subject5/p5_10.mat,76509036
data/rPPG_dataset/mini_MMPD/subject5/p5_11.mat,95384176
data/rPPG_dataset/mini_MMPD/subject5/p5_12.mat,71909275
data/rPPG_dataset/mini_MMPD/subject5/p5_13.mat,70211810
data/rPPG_dataset/mini_MMPD/subject5/p5_14.mat,71118974
data/rPPG_dataset/mini_MMPD/subject5/p5_15.mat,70535357
data/rPPG_dataset/mini_MMPD/subject5/p5_16.mat,65109768
data/rPPG_dataset/mini_MMPD/subject5/p5_17.mat,75382973
data/rPPG_dataset/mini_MMPD/subject5/p5_18.mat,69416316
data/rPPG_dataset/mini_MMPD/subject5/p5_19.mat,91699178
data/rPPG_dataset/mini_MMPD/subject5/p5_2.mat,75171792
data/rPPG_dataset/mini_MMPD/subject5/p5_3.mat,92137924
data/rPPG_dataset/mini_MMPD/subject5/p5_4.mat,72046097
data/rPPG_dataset/mini_MMPD/subject5/p5_5.mat,79141254
data/rPPG_dataset/mini_MMPD/subject5/p5_6.mat,73366239
data/rPPG_dataset/mini_MMPD/subject5/p5_7.mat,93517664
data/rPPG_dataset/mini_MMPD/subject5/p5_8.mat,74227009
data/rPPG_dataset/mini_MMPD/subject5/p5_9.mat,79651528
data/rPPG_dataset/mini_MMPD/subject6/p6_0.mat,69861231
data/rPPG_dataset/mini_MMPD/subject6/p6_1.mat,72653395
data/rPPG_dataset/mini_MMPD/subject6/p6_10.mat,74738796
data/rPPG_dataset/mini_MMPD/subject6/p6_11.mat,94035043
data/rPPG_dataset/mini_MMPD/subject6/p6_12.mat,72057432
data/rPPG_dataset/mini_MMPD/subject6/p6_13.mat,73855414
data/rPPG_dataset/mini_MMPD/subject6/p6_14.mat,70690486
data/rPPG_dataset/mini_MMPD/subject6/p6_15.mat,72504950
data/rPPG_dataset/mini_MMPD/subject6/p6_16.mat,72912124
data/rPPG_dataset/mini_MMPD/subject6/p6_17.mat,76244771
data/rPPG_dataset/mini_MMPD/subject6/p6_18.mat,73940418
data/rPPG_dataset/mini_MMPD/subject6/p6_19.mat,89484216
data/rPPG_dataset/mini_MMPD/subject6/p6_2.mat,68025296
data/rPPG_dataset/mini_MMPD/subject6/p6_3.mat,91199848
data/rPPG_dataset/mini_MMPD/subject6/p6_4.mat,71156634
data/rPPG_dataset/mini_MMPD/subject6/p6_5.mat,71162118
data/rPPG_dataset/mini_MMPD/subject6/p6_6.mat,73555537
data/rPPG_dataset/mini_MMPD/subject6/p6_7.mat,93942641
data/rPPG_dataset/mini_MMPD/subject6/p6_8.mat,74345405
data/rPPG_dataset/mini_MMPD/subject6/p6_9.mat,73044060
data/rPPG_dataset/mini_MMPD/subject7/p7_0.mat,64665736
data/rPPG_dataset/mini_MMPD/subject7/p7_1.mat,74624590
data/rPPG_dataset/mini_MMPD/subject7/p7_10.mat,69930941
data/rPPG_dataset/mini_MMPD/subject7/p7_11.mat,96497060
data/rPPG_dataset/mini_MMPD/subject7/p7_12.mat,70075411
data/rPPG_dataset/mini_MMPD/subject7/p7_13.mat,70464675
data/rPPG_dataset/mini_MMPD/subject7/p7_14.mat,69473746
data/rPPG_dataset/mini_MMPD/subject7/p7_15.mat,71070361
data/rPPG_dataset/mini_MMPD/subject7/p7_16.mat,67795261
data/rPPG_dataset/mini_MMPD/subject7/p7_17.mat,77221387
data/rPPG_dataset/mini_MMPD/subject7/p7_18.mat,71078651
data/rPPG_dataset/mini_MMPD/subject7/p7_19.mat,95511904
data/rPPG_dataset/mini_MMPD/subject7/p7_2.mat,66439085
data/rPPG_dataset/mini_MMPD/subject7/p7_3.mat,94275749
data/rPPG_dataset/mini_MMPD/subject7/p7_4.mat,68053560
data/rPPG_dataset/mini_MMPD/subject7/p7_5.mat,75636506
data/rPPG_dataset/mini_MMPD/subject7/p7_6.mat,67572606
data/rPPG_dataset/mini_MMPD/subject7/p7_7.mat,96732076
data/rPPG_dataset/mini_MMPD/subject7/p7_8.mat,71717410
data/rPPG_dataset/mini_MMPD/subject7/p7_9.mat,75487932
data/rPPG_dataset/mini_MMPD/subject8/p8_0.mat,67963262
data/rPPG_dataset/mini_MMPD/subject8/p8_1.mat,72981587
data/rPPG_dataset/mini_MMPD/subject8/p8_10.mat,68678539
data/rPPG_dataset/mini_MMPD/subject8/p8_11.mat,91982734
data/rPPG_dataset/mini_MMPD/subject8/p8_12.mat,70667321
data/rPPG_dataset/mini_MMPD/subject8/p8_13.mat,71355646
data/rPPG_dataset/mini_MMPD/subject8/p8_14.mat,70234836
data/rPPG_dataset/mini_MMPD/subject8/p8_15.mat,70831600
data/rPPG_dataset/mini_MMPD/subject8/p8_16.mat,68001331
data/rPPG_dataset/mini_MMPD/subject8/p8_17.mat,70262314
data/rPPG_dataset/mini_MMPD/subject8/p8_18.mat,68045378
data/rPPG_dataset/mini_MMPD/subject8/p8_19.mat,86303520
data/rPPG_dataset/mini_MMPD/subject8/p8_2.mat,67798249
data/rPPG_dataset/mini_MMPD/subject8/p8_3.mat,89490227
data/rPPG_dataset/mini_MMPD/subject8/p8_4.mat,70208649
data/rPPG_dataset/mini_MMPD/subject8/p8_5.mat,74123642
data/rPPG_dataset/mini_MMPD/subject8/p8_6.mat,69210969
data/rPPG_dataset/mini_MMPD/subject8/p8_7.mat,89490630
data/rPPG_dataset/mini_MMPD/subject8/p8_8.mat,74416838
data/rPPG_dataset/mini_MMPD/subject8/p8_9.mat,72356985
data/rPPG_dataset/mini_MMPD/subject9/p9_0.mat,71617107
data/rPPG_dataset/mini_MMPD/subject9/p9_1.mat,79967892
data/rPPG_dataset/mini_MMPD/subject9/p9_10.mat,71137611
data/rPPG_dataset/mini_MMPD/subject9/p9_11.mat,94389183
data/rPPG_dataset/mini_MMPD/subject9/p9_12.mat,67876831
data/rPPG_dataset/mini_MMPD/subject9/p9_13.mat,68970343
data/rPPG_dataset/mini_MMPD/subject9/p9_14.mat,72619399
data/rPPG_dataset/mini_MMPD/subject9/p9_15.mat,73205883
data/rPPG_dataset/mini_MMPD/subject9/p9_16.mat,70848260
data/rPPG_dataset/mini_MMPD/subject9/p9_17.mat,76626298
data/rPPG_dataset/mini_MMPD/subject9/p9_18.mat,73479869
data/rPPG_dataset/mini_MMPD/subject9/p9_19.mat,88567473
data/rPPG_dataset/mini_MMPD/subject9/p9_2.mat,72026284
data/rPPG_dataset/mini_MMPD/subject9/p9_3.mat,89018397
data/rPPG_dataset/mini_MMPD/subject9/p9_4.mat,68834259
data/rPPG_dataset/mini_MMPD/subject9/p9_5.mat,71175284
data/rPPG_dataset/mini_MMPD/subject9/p9_6.mat,66082680
data/rPPG_dataset/mini_MMPD/subject9/p9_7.mat,92953034
data/rPPG_dataset/mini_MMPD/subject9/p9_8.mat,71933751
data/rPPG_dataset/mini_MMPD/subject9/p9_9.mat,72351979
